online,FACEIT Saturday Spring Cup #2,2013-03-23,1092
other,Go4CS:GO Monthly Finals July 2013,2013-08-29,1183
online,Svecup Norrköping Qualifier #2,2013-03-24,1093
other,TECHLABS Cup Kiev 2013,2013-08-31,1184
online,Mikz Challenge,2014-05-19,1365
online,ESL Pro Series France XI Finals,2013-12-15,1274
intl-lan,ESWC 2012,2012-11-04,1003
other,ESL UK Community Challenge S1 Cup #3,2014-05-21,1366
other,MFJV 2013,2013-09-01,1185
online,SLTV ProSeries VIII,2013-12-15,1275
other,Copenhagen Games 2013,2013-03-31,1094
other,Gaming.dk SteelSeries Championship Invite Finals 2013,2013-12-14,1276
other,DreamHack Summer 2014 pre-qualifier #1,2014-05-22,1367
other,Copenhagen Games 2013 female,2013-03-30,1095
other,Eizo Challenge 2012,2012-10-27,1005
online,GO4Balkan Charity Tournament,2014-05-24,1368
other,Svecup Grand Finals 2013,2013-12-14,1277
other,Go4CS:GO Cup #59,2013-09-02,1187
other,Copenhagen Games 2013 Qualifier,2013-03-29,1096
online,European Championship 2013 Qualification Round 1,2013-09-13,1188
other,Svecup Norrköping,2013-04-03,1097
other,Gaming Challenge 2014,2014-05-26,1369
other,ESWC 2012 France,2012-11-01,1007
other,SLTV StarSeries VIII Finals,2013-12-22,1279
other,SLTV StarSeries V Finals,2013-04-07,1098
online,RaidCall EMS One Fall 2013 Cup #1,2013-09-05,1189
other,DreamHack Summer 2014 pre-qualifier #3,2014-05-25,1370
online,FACEIT December Championship 2013,2013-12-20,1280
other,ESWC 2012 female,2012-11-04,1008
other,Mad Catz Birmingham,2013-04-07,1099
other,Gaming.dk League by SteelSeries Season 7,2013-09-03,1190
other,DreamHack Summer 2014 pre-qualifier #2,2014-05-26,1371
other,EuroGamersOnline Ozone Challenge,2013-12-24,1281
other,NLAN 2013,2013-04-04,1100
other,ESL Pro Series Poland Season 8 Qualifier #1,2014-05-26,1372
online,ESL Major Series Winter Season 2012,2013-01-24,1009
online,Komplett.dk League Season 1,2013-05-29,1101
other,DreamHack Bucharest 2013,2013-09-15,1192
other,DreamHack Summer 2014,2014-06-17,1373
other,Go4CS:GO Cup #60,2013-09-08,1193
other,RaidCall EMS One Spring 2013 Finals,2013-04-14,1102
other,EMS One Katowice Nordic Qualifier Cup #1,2014-01-12,1283
other,ESL UK Community Challenge S1 Cup #4,2014-05-27,1374
online,DreamHack Winter 2012 Danish Qual.,2012-11-11,1011
other,LanTrek 2014,2014-01-11,1284
online,MAXfps.no Open,2013-04-14,1103
other,Vox Play Battlegrounds,2014-06-08,1375
online,DreamHack Winter 2012 International Qual.,2012-11-15,1012
online,DreamHack Summer 2014 Closed Qualifier,2014-05-30,1376
other,EMS One Katowice CIS Qualifier Cup #1,2014-01-12,1285
other,ESL A-Series Summer 2013,2013-05-19,1104
online,FACEIT Cup August 2013,2013-09-10,1195
other,SLTV StarSeries IV,2012-12-23,1013
other,BirdieLAN 24,2014-05-30,1377
other,ESEA Invite Season 13 Global Finals,2013-04-21,1105
online,MSI Beat it! 2013 US Finals,2013-09-27,1196
other,EMS One Katowice Polish Qualifier Cup #1,2014-01-12,1286
online,DreamHack Winter 2012 Swedish Qual.,2012-11-14,1014
other,ESPORTSM 2013/2014 - Qualifier #8 Gothenburg,2014-05-31,1378
online,RaidCall EMS One Fall 2013 Cup #2,2013-09-12,1197
other,ESEA Invite Season 15 Global Finals,2014-01-20,1287
other,ESWC 2013 France Pre-Qual. #1,2013-09-12,1198
other,ESEA Invite Season 13 All-Star,2013-04-20,1107
online,ESL Pro Series Poland Season 8,2014-07-03,1379
other,EMS One Katowice German Qualifier Cup #1,2014-01-19,1288
other,ESWC 2013 France Pre-Qual. #2,2013-09-19,1199
other,Imbarena Game Ring Cup Final,2014-01-20,1289
other,Gaming.dk League by SteelSeries Season 6,2013-05-02,1108
other,ESL UK Community Challenge S1 Cup #5,2014-06-04,1381
other,CyberGamer Pro League Season 3,2014-03-23,1290
other,Swebus CS:GO Challenge by Inferno Online,2013-04-18,1109
online,RaidCall EMS One Fall 2013 Cup #3,2013-09-19,1200
online,THOR Open Qualifier #6,2012-11-20,1019
online,SLTV StarSeries V Relegation,2013-04-18,1110
other,Assembly Winter 2014,2014-02-01,1291
other,Gaming.dk League by SteelSeries Season 9 Finals,2014-06-07,1382
other,TECHLABS Cup Minsk 2013 EU Qualifier,2013-09-20,1201
online,RADEON Offensive #2,2013-04-21,1111
other,TNC CM Storm #1 Finals,2012-11-18,1020
other,TECHLABS Baltics Cup 2013,2013-09-20,1202
other,EMS One Katowice CIS Qualifier Cup #2,2014-01-23,1292
other,ASUS ROG Portugal Qualifier #3,2014-06-08,1383
other,ECL 2013 Season 1,2013-04-24,1112
online,European Championship 2013 Qualification Round 2,2013-09-26,1203
other,ESEA Intermediate Season 16 Europe,2014-06-10,1384
other,EMS One Katowice Polish Qualifier Cup #2,2014-01-23,1293
intl-lan,DreamHack Winter 2012,2012-11-24,1021
other,Swedish Championship 2012 LAN qual #2,2012-11-22,1022
other,FACEIT January Championship 2014,2014-01-24,1294
other,ESWC 2013 European Qualifier,2013-09-22,1204
other,ESL UK Community Challenge S1 Cup #6,2014-06-10,1385
other,MEO XLPARTY Exponor,2013-04-28,1114
other,DreamHack Winter 2012 BYOC,2012-11-23,1023
online,THOR Open Qualifier #7,2012-12-03,1024
other,ESPORTSM 2013/2014 Finals,2014-06-16,1387
other,SLTV ProSeries VI Qualifier,2013-04-28,1115
online,EMS One Katowice Nordic Qualifier Cup #2,2014-01-26,1296
other,TECHLABS Cup Minsk 2013 CIS Qualifier,2013-09-22,1206
other,DreamHack Summer 2014 BYOC,2014-06-15,1388
online,SLTV StarSeries VI Qualifier,2013-05-02,1116
online,EMS One Katowice French Qualifier Cup #2,2014-01-26,1297
other,AMD Sapphire CS:GO Invitational,2012-12-02,1025
online,CIS Rising League Season 1,2014-12-04,1389
other,CEVO Main Season 3,2014-01-31,1298
other,SteelSeries Finals,2012-12-01,1026
other,EMS One Katowice UK Qualifier Cup #2,2014-02-02,1299
other,ESEA Invite Season 16 Global Finals,2014-06-29,1390
other,Svecup Västerås Qualifier #1,2013-05-04,1118
other,THOR Open Qualifier #8,2012-12-02,1027
online,RaidCall EMS One Fall 2013 Cup #4,2013-09-25,1209
online,EMS One Katowice Polish Qualifier Cup #3,2014-02-01,1300
online,Team Dignitas CS:GO SCAN Invitational,2014-06-23,1392
other,TECHLABS Minsk Qualifier,2013-05-09,1120
online,EMS One Katowice German Qualifier Cup #2,2014-02-02,1301
other,TECHLABS Cup BY 2013,2013-09-28,1211
online,RADEON Offensive by 99Damage,2012-12-13,1029
other,ESWC 2013 Germany,2013-09-29,1212
other,G3 Qualifier #1,2014-06-23,1393
online,EMS One Katowice CIS Qualifier Cup #3,2014-02-06,1302
online,ESWC 2013 Denmark,2013-09-29,1213
other,Gaming.dk League by SteelSeries Season 6 Finals,2013-05-10,1122
other,THOR Open 2012,2012-12-09,1031
other,EMS One Katowice Nordic Regional Finals,2014-02-09,1303
other,ESL Pro Series Germany Summer 2014 Cup #2,2014-06-23,1394
other,The Blast 2013,2013-05-12,1123
other,EMS One Katowice French National Finals,2014-02-09,1304
other,Go4CS:GO Cup #63,2013-09-29,1215
other,Svecup Västerås Qualifier #2,2013-05-11,1124
other,EMS One Katowice CIS Qualifier Cup #4,2014-02-09,1305
other,ESEA Invite Season 13 Europe,2013-02-28,1033
online,SLTV StarSeries X,2014-08-12,1396
other,ESWC 2012 North America,2012-09-03,943
other,EMS One Katowice Polish Qualifier Cup #4,2014-02-09,1306
online,SLTV StarSeries VI,2013-06-25,1125
other,ESEA Invite Season 16 All-Star,2014-06-28,1397
other,NorthCon 2012,2012-12-16,1034
online,RaidCall EMS One Fall 2013 Decider,2013-09-30,1217
other,Go4CS:GO Cup #43,2013-05-12,1126
other,F3 Academy League,2014-06-28,1398
other,XLParty 2012,2012-12-16,1035
other,EMS One Katowice UK National Finals,2014-02-12,1308
other,IN League Season 2,2013-06-02,1127
other,Plantronics CS:GO UK Open,2014-06-26,1399
other,IEM Poland Qualifier #2,2012-12-17,1036
other,EMS One Katowice Polish National Finals,2014-02-12,1309
other,G3 Qualifier #2,2014-06-28,1400
online,RaidCall EMS One Summer 2013 Cup #1,2013-05-15,1128
other,European Championship 2013,2013-12-18,1218
other,ESEA Invite Season 13 North America,2013-02-22,1037
online,Fnatic FragOut League Season 3,2014-04-02,1310
other,TECHLABS Cup Minsk 2013,2013-05-18,1129
other,Areena #4 by SteelSeries,2014-06-28,1401
online,RaidCall EMS One Fall 2013 Group Stage,2013-10-09,1219
online,IEM Poland International Qualifier,2012-12-19,1038
other,EMS One Katowice German National Finals,2014-02-16,1311
online,Fnatic FragOut League Season 2,2013-06-13,1130
other,Killing Spree,2014-07-08,1402
other,EMS One Katowice CIS Regional Finals,2014-02-16,1312
other,ESL UK SteelSeries Community Challenge S1 Finals,2014-07-02,1403
online,SLTV ProSeries VII,2013-10-05,1221
other,SteelSeries CS:GO Calling,2014-02-16,1313
other,Showmatch CS:GO,2017-05-19,1040
other,ESEA Invite Season 17 North America,2014-09-24,1404
other,FMR Lan Cup @ Igromir,2013-10-06,1222
other,epic.TWELVE,2014-02-17,1314
other,Go4CS:GO Cup #44,2013-05-19,1133
online,Gaming.dk League by SteelSeries Season 5,2013-02-12,1041
other,ESL One Cologne 2014 North pre-qualifier,2014-07-01,1405
other,MSI Beat it! 2013 Chinese Finals,2013-10-06,1223
other,ESL Pro Series Germany Spring 2014 Cup #1,2014-02-17,1315
other,DreamHack Summer 2013 Finnish Qual.,2013-05-22,1134
other,LanTrek 2013,2013-01-12,1042
other,CEVO Professional Season 5 Placement,2014-07-10,1406
other,Do Gaming League Championship 2013,2013-10-05,1224
online,RaidCall EMS One Summer 2013 Cup #2,2013-05-22,1135
other,EMS One Katowice European Qualifier #1,2014-02-20,1316
other,Epsilan 11,2013-10-05,1225
other,IronGaming,2014-07-06,1408
other,Swedish Championship 2013 Umeå pre-qual #2,2013-01-14,1044
other,ESWC 2013 Ukraine,2013-10-06,1226
online,SLTV StarSeries IX,2014-04-15,1317
other,MFJV Online Series #2,2013-05-28,1137
other,ESL One Cologne 2014 South-West pre-qualifier,2014-07-03,1409
other,The Nordic Games #1 Finnish qualifier,2013-01-16,1045
other,DreamHack Stockholm SteelSeries CS:GO Invitational 2014,2014-02-22,1318
other,Svecup Västerås,2013-05-26,1138
other,Telkom Do Gaming League Winter 2014,2014-07-06,1410
other,Your road to Katowice 2013,2013-01-20,1046
other,DreamHack Summer 2013 Danish Qual.,2013-05-26,1139
other,RyuLAN 2013,2013-01-20,1047
other,ESL Pro Series Poland Season 8 Finals,2014-07-06,1411
other,ESL Pro Series Germany Spring 2014 Cup #2,2014-02-25,1320
other,SteelSeries GO 2012,2012-08-26,958
online,The Nordic Games #1 Danish qualifier,2013-01-20,1048
other,GameGune 2014,2014-07-06,1412
online,ESL Pro Series Germany Winter 2013 Cup #1,2013-10-07,1230
online,EMS One Katowice European Finals,2014-02-28,1321
other,ESEA Invite Season 14 Europe,2013-07-18,1141
other,SLTV StarSeries VII Finals,2013-10-13,1231
other,ESL Pro Series Germany Summer 2014 Cup #4,2014-07-07,1413
online,CS Forever: London,2014-03-01,1322
online,Fnatic FragOut CS:GO League,2013-02-10,1049
online,RaidCall EMS One Summer 2013 Cup #3,2013-05-29,1142
other,ESL Pro Series France XI Cup #3,2013-10-10,1232
other,Assembly Summer 2014 qualifier #1,2014-07-08,1414
other,Fragbite Masters 2014 Qualifier #1,2014-03-01,1323
online,The Nordic Games #1,2013-01-27,1050
other,ESEA Intermediate Season 14 Europe,2013-05-28,1143
other,ESL One Cologne 2014 Oceanic qualifier,2014-07-20,1415
other,CEVO Professional Season 4,2014-06-04,1324
other,FACEIT Cup May 2013,2013-05-31,1144
other,Epsilan 10,2013-02-03,1052
other,Fragbite Masters 2014 Qualifier #2,2014-03-05,1325
other,DreamHack Summer 2013 IOS Qual.,2013-06-01,1145
other,5eplay Steelseries League Season 3,2014-07-13,1417
other,Gaming.dk League by SteelSeries Season 7 Finals,2013-10-12,1236
online,Hitbox Arena Showdown,2014-07-16,1418
online,Go4CS:GO Cup #6,2012-09-13,965
online,Gfinity Alienware Pro League Season 1,2014-04-22,1327
other,ESWC 2013 Sweden,2013-10-12,1237
online,RaidCall EMS One Summer 2013 Cup #4,2013-06-05,1147
other,ESPC CS:GO #1,2013-02-09,1055
other,ESL One Cologne 2014 South-East pre-qualifier,2014-07-15,1419
online,CyberGamer Qualifier Cup #1 by Tt eSPORTS,2012-09-13,966
online,GSL Egamingbets Cup,2014-03-09,1328
online,RaidCall EMS One Summer 2013 Group Stage,2013-06-13,1148
other,ESEA Invite Season 15 Europe,2013-12-15,1238
online,SLTV StarSeries V,2013-03-24,1056
other,CEVO Professional Season 5,2014-09-17,1420
other,Gaming.dk League by SteelSeries Season 8,2014-04-01,1329
other,TLP 2013 Qualifier,2013-06-09,1149
online,ESL Pro Series Germany Winter 2013 Cup #2,2013-10-14,1239
other,GDK SteelSeries GO #1,2012-09-17,968
other,Gaming.dk League by SteelSeries Season 5 Finals,2013-02-15,1057
other,Fragbite Masters 2014 Qualifier #3,2014-03-07,1330
online,FACEIT Cup September 2013,2013-10-16,1240
online,RaidCall EMS One Spring 2013 Cup #1,2013-02-14,1058
other,Fragbite Masters 2014 Qualifier #4,2014-03-08,1331
online,Caseking of the Hill #1,2014-07-17,1422
other,DreamHack Summer 2013,2013-06-17,1151
other,ESWC 2012 France Pre-Qual. #1,2012-09-19,970
online,The Nordic Games #2 Finnish qualifier,2013-02-14,1059
other,ESL One Cologne 2014 North American qualifier,2014-07-17,1423
online,Fragbite Masters 2014,2014-03-30,1332
other,DreamHack Summer 2013 BYOC,2013-06-16,1152
other,Go4CS:GO Cup #7,2012-09-18,971
other,ESEA Invite Season 15 North America,2013-12-16,1242
other,DreamHack Valencia 2014,2014-07-20,1424
other,HKLAN 2013,2013-02-17,1060
major,EMS One Katowice 2014,2014-03-16,1333
other,Swedish Championship 2013,2013-06-17,1153
online,ESL Pro Series France XI Cup #4,2013-10-18,1243
other,DreamHack Valencia 2014 qualifier,2014-07-18,1425
other,ESL Pro Series Poland Season 5 Finals,2013-02-17,1061
other,DreamHack Summer 2013 2on2,2013-06-17,1154
intl-lan,DreamHack Valencia 2012,2012-09-23,973
other,ESEA Invite Season 16 Europe,2014-05-10,1334
other,Go4CS:GO Cup #66,2013-10-20,1244
other,epic.THIRTEEN,2014-07-20,1426
other,KGB CM Storm 2013,2013-02-17,1062
other,RaidCall EMS One Summer 2013 Finals,2013-06-30,1155
other,CyberGamer Qualifier Cup #2 by IN WIN,2012-09-21,974
other,East Asian Championship 2014,2014-03-23,1335
other,RaidCall EMS One Fall 2013 Finals,2013-10-27,1245
online,IN League Season 1,2013-03-06,1063
other,ESL Pro Series Germany Summer Season 2013,2013-09-07,1156
other,Gamermag Open #1,2014-03-23,1336
online,ESL Pro Series Germany Winter 2013 Cup #3,2013-10-21,1246
other,ESEA Invite Season 17 Europe,2014-10-06,1428
other,The Nordic Games #2 Norwegian qualifier,2013-02-17,1064
other,FMR LAN Cup #8,2013-06-23,1157
online,FACEIT March Championship 2014,2014-03-27,1337
online,ESL Pro Series France XI Cup #5,2013-10-25,1247
online,Caseking of the Hill #2,2014-07-23,1429
other,ESL Pro Series Spain XI,2014-01-12,1158
other,Voronezh Cup Qualifier #3,2014-03-30,1338
online,ESL Pro Series Germany Winter 2013 Cup #4,2013-10-28,1248
online,The Nordic Games #2 Swedish qualifier,2013-02-18,1066
other,ESL One Cologne 2014 Open pre-qualifier,2014-07-24,1430
other,ESWC 2013,2013-11-03,1249
other,ESL UK Community Challenge S2 Cup #1,2014-07-22,1431
other,Mad Catz Vienna,2013-02-25,1067
other,SLTV ProSeries VI,2013-07-03,1160
other,Voronezh Cup Qualifier #4,2014-04-06,1340
other,ESWC 2013 France,2013-10-30,1250
online,ESL One Cologne 2014 European Finals,2014-07-28,1432
online,ESL Pro Series Germany Spring Season 2013,2013-05-11,1068
online,ESL Pro Series Germany Spring 2014,2014-05-10,1341
online,TECHLABS Cup Minsk Rematch,2013-10-30,1251
other,Team Dignitas SCAN CS:GO UK Invitational,2014-07-28,1433
other,FACEIT Cup June 2013,2013-07-03,1162
online,ESWC 2012 Nordic Qualifier,2012-10-11,981
other,The Nordic Games #2 Danish qualifier,2013-02-20,1069
other,Gaming.dk League by SteelSeries Season 8 Finals,2014-04-12,1342
other,ESWC 2013 Female,2013-11-02,1252
other,SLTV StarSeries VI Finals,2013-07-07,1163
online,RaidCall EMS One Spring 2013 Cup #2,2013-02-21,1070
other,Voronezh Cup 2014,2014-04-13,1343
online,ESL Pro Series Germany Winter Season 2012,2012-12-08,982
other,ESL One Cologne 2014 Indian qualifier,2014-07-27,1435
online,ESL Pro Series Germany Winter 2013 Cup #5,2013-11-04,1253
other,Prague Challenge,2013-07-15,1164
other,Vox Play #1,2014-04-13,1344
online,CyberGamer Showmatch,2012-10-02,983
other,FACEIT North American Championship,2014-07-28,1436
other,Fragbite Masters Qualifier #1,2013-11-06,1254
other,Assembly Winter 2013,2013-02-23,1072
other,DreamHack Valencia 2013,2013-07-21,1165
other,EMS Winter 2012 Portuguese Qualifier,2012-10-03,984
other,Copenhagen Games 2014,2014-04-19,1345
other,ESEA Intermediate Season 15 Europe,2014-01-31,1255
other,Gfinity 3,2014-08-03,1437
other,Mad Catz Invitational,2013-08-20,1166
other,ESWC 2012 France Pre-Qual. #3,2012-10-03,985
other,ESEA Invite Season 16 North America,2014-05-13,1346
other,Fragbite Masters Qualifier #2,2013-11-08,1256
other,ASUS ROG Summer 2014,2014-08-02,1438
online,ESWC 2012 German Qualifier,2012-10-16,986
other,Copenhagen Games 2014 female,2014-04-19,1347
other,ESL UK Community Challenge S2 Cup #2,2014-07-30,1439
online,SLTV StarSeries VIII,2013-12-10,1257
online,RaidCall EMS One Spring 2013 Cup #3,2013-03-01,1075
other,Mad Catz Qualifier,2013-07-31,1168
other,Insomnia 51,2014-04-20,1348
online,Caseking of the Hill #3,2014-07-31,1440
other,Belgrade Gaming Festival 2013,2013-11-10,1258
online,The Nordic Games #2,2013-02-28,1076
online,ESWC 2012 UK Qualifier,2012-10-12,988
online,EIZO Challenge 2014,2014-07-31,1441
online,1Life Fraglider Invitational,2014-04-27,1349
other,coL 10th Anniversary,2013-11-12,1259
other,Telkom Do Gaming Insta-Clash Cup November 2013,2013-11-17,1260
online,FACEIT Cup July 2013,2013-08-09,1171
other,ESL Pro Series Spain X,2013-03-24,1078
online,ESL Pro Series Poland Season 5,2012-12-02,990
online,E-sport-bets.com 3rd Anniversary Cup,2014-04-27,1351
online,ESL Pro Series Germany Summer 2014,2014-08-05,1443
online,FACEIT Cup October 2013,2013-11-14,1261
other,Areena #3 by SteelSeries,2013-08-10,1172
online,Svecup Norrköping Qualifier #1 ,2013-03-09,1079
major,ESL One Cologne 2014,2014-08-17,1444
other,Newmen 5Eplay ESports Masters,2014-04-30,1352
other,Fragbite Masters Qualifier #3,2013-11-14,1262
other,Razer CS:GO Challenge,2013-03-10,1080
online,SLTV StarSeries VII Qualifier,2013-08-11,1173
online,Go4CS:GO Cup #14,2012-10-09,992
online,eSportsventure Cup,2014-04-29,1353
other,ESL UK Community Challenge S2 Cup #3,2014-08-05,1445
other,ESL Pro Series France XI Cup #7,2013-11-14,1263
other,EIZO QPAD eSport FEVER #1,2013-03-10,1081
other,ESEA Invite Season 14 Global Finals,2013-08-18,1174
other,PGS 2012 CS:GO,2012-10-14,993
online,Caseking of the Hill #4,2014-08-06,1446
other,Fragbite Masters Qualifier #4,2013-11-15,1264
other,FACEIT Spring League Open Qualifier,2014-04-28,1354
online,RaidCall EMS One Spring 2013 Cup #4,2013-03-14,1082
other,TECHLABS Cup 2013 Grand Final,2013-11-17,1265
online,SLTV ProSeries IX,2014-05-05,1355
online,SLTV StarSeries VII,2013-10-04,1175
online,FACEIT League 2 EU pre-qualifier #2,2014-08-10,1448
other,ESEA Open Season 13 Playoffs,2013-04-22,1083
other,FACEIT Spring League Closed Qualifier,2014-04-29,1356
other,MSI Beat it! 2013 EU Open Qualifier #1,2013-08-21,1176
online,Fragbite Masters 2013,2013-12-14,1266
online,European Championship 2014 Qualification Round 1,2014-08-19,1449
other,Brasil Gaming League,2013-03-14,1084
online,MSI Beat it! 2013 EU Open Qualifier #2,2013-08-22,1177
online,FACEIT Spring League 2014,2014-06-01,1357
other,DreamHack Winter 2013 FACEIT Online Qual.,2013-11-21,1267
other,FACEIT Saturday Spring Cup #1,2013-03-16,1085
other,ESL UK Community Challenge S2 Cup #4,2014-08-13,1450
online,MSI Beat it! 2013 EU Open Qualifier #3,2013-08-23,1178
other,SLTV StarSeries IX Finals,2014-05-04,1358
other,MSI Beat it! 2013 SEA Qualifier,2013-11-22,1268
online,CyberGamer Invite League Season 1,2012-11-19,998
online,Publiclir.se - 5on5 CS:GO by Qpad,2013-03-17,1086
other,ESL UK Community Challenge S2 Cup #5,2014-08-19,1451
online,MSI Beat it! 2013 EU Open Qualifier #4,2013-08-24,1179
other,ESPORTSM 2013/2014 - Qualifier #6 Stockholm,2014-05-03,1359
other,MSI Beat it! 2013 Grand Finals,2013-11-24,1269
online,SLTV ProSeries X,2014-08-24,1456
online,MSI Beat it! 2013 EU Shootout,2013-08-24,1180
online,Hitbox Arena Championship 2,2014-08-28,1452
online,RaidCall EMS One Spring 2013 Group Stage,2013-04-03,1087
other,SoCal Revival #2,2014-05-05,1360
major,DreamHack Winter 2013,2013-12-01,1270
online,FACEIT League 2 EU pre-qualifier #3,2014-08-23,1457
other,ESL UK Community Challenge S1 Cup #1,2014-05-07,1361
online,European Championship 2014 Qualification Round 2,2014-08-29,1453
other,TECHLABS Cup 2013,2013-03-23,1088
online,MSI Beat it! 2013 European Finals,2013-10-04,1181
other,ESL Pro Series Germany Winter Season 2013,2013-12-14,1271
other,Millenium Showmatch #3,2014-11-18,1547
other,Insomnia 52,2014-08-24,1458
other,GeForce GTX AllStar Tournament,2015-01-24,1638
other,Go4CS:GO Cup #58,2013-08-25,1182
local-lan,CyberGamer Premier League Season 1,2013-03-24,1089
online,Hitbox Arena Championship,2014-06-04,1362
online,Caseking of the Hill #5,2014-08-22,1454
other,DreamHack Winter 2013 BYOC,2013-11-29,1272
online,BenQ All-Star Showmatch #2,2014-11-17,1548
online,FACEIT League 2 EU pre-qualifier #4,2014-08-24,1459
other,FACEIT League 2015 NA Closed Qualifier,2015-01-28,1639
online,RGN Pro Series EU Closed Qualifier,2015-05-19,1729
other,Insomnia 48,2013-03-24,1090
other,Insomnia 50,2013-12-02,1273
other,ESL One Katowice 2015 European Qualifier #1,2015-01-28,1640
other,HyperX CS:GO Clash,2015-06-20,1820
online,Fragbite Masters Season 4 Qualifier #2,2015-04-22,1730
other,ESL UK Community Challenge S1 Cup #2,2014-05-14,1364
online,SLTV ProSeries V,2013-03-25,1091
online,AlienTech CS:GO European Cup I,2015-09-17,1911
other,CS:GO AOC UK Challenge Winter Finals 2014/15,2015-01-28,1641
other,CS Select #8,2015-04-24,1731
other,SLTV ProSeries XIV,2015-11-08,2002
online,Rising Tornado #2,2015-07-05,1821
online,FACEIT League 2 EU Closed Qualifier,2014-08-27,1461
other,D!ngIT Asia Invitational Group B,2016-01-13,2093
online,D!ngIT $2000 Weekly Cup #15,2015-09-02,1912
other,LVP Gamergy Qualifier #3,2014-11-19,1551
online,FACEIT League 2 NA Closed Qualifier,2014-08-27,1462
other,ESL One Katowice 2015 CIS Qualifier,2015-01-30,1642
online,99Damage Masters #2,2015-07-07,1822
other,Virtus.pro Staff Cup #3,2015-11-15,2003
online,FACEIT League 2015 Stage 3 EU Closed Qualifier,2015-09-04,1913
other,CEVO Professional Season 6 Placement,2014-11-19,1552
other,D!ngIT $2000 Weekly Cup #32,2016-01-05,2095
online,FPL Challenge by Björn Borg,2015-02-11,1643
online,E-sport-bets Celebration Show-match,2015-06-23,1823
other,MČR 2015,2015-11-07,2004
online,DreamHack Open Cluj-Napoca 2015 EU pre-qualifier #1,2015-09-06,1914
online,CEVO Professional Season 7,2015-06-26,1733
major,DreamHack Winter 2014,2014-11-30,1553
other,SLTV StarSeries X Finals,2014-08-31,1464
intl-lan,ESL One Katowice 2015 Main Qualifier,2015-02-15,1644
other,QuickShot Arena #20,2016-01-09,2096
other,Swelder&apos;s Showmatch,2015-11-08,2005
other,ACL Sydney 2015,2015-06-28,1824
online,Acer Predator Masters powered by Intel Qualifier,2015-04-25,1734
online,ESL Pro League Winter 2014/15 European Qualifier,2014-11-21,1554
online,DreamHack Open Cluj-Napoca 2015 EU pre-qualifier #2,2015-09-13,1915
online,Caseking of the Hill #6,2014-08-28,1465
other,PGL Regional Minor Championship Europe Qualifiers,2016-01-09,2097
other,Counter Pit League Season 2 Qualifier,2015-11-11,2006
online,D!ngIT $2000 Weekly Cup #6,2015-06-26,1825
other,DreamHack Winter 2014 Last Call Qualifier,2014-11-22,1555
online,RGN Spring Classic,2015-05-19,1735
online,iBUYPOWER Invitational Fall 2015,2015-09-14,1916
other,99Damage Arena #19,2016-01-08,2098
other,D!ngIT $2000 Weekly Cup #25,2015-11-10,2007
other,Balkan Championship Season 1,2015-03-11,1646
online,ESL One Cologne 2015 EU pre-qualifier #1,2015-06-28,1826
online,CS:GO Legends Series #1,2014-09-01,1466
other,CEVO Professional Season 7 Last-Chance EU,2015-04-27,1736
online,QuickShot Arena #5,2015-09-04,1917
other,Gamergy Final Cup 8,2015-06-28,1827
online,99Damage Arena #6,2015-04-29,1737
online,ESL One Katowice 2015 European Qualifier #2,2015-02-05,1647
other,Insomnia 53,2014-11-23,1557
online,DreamHack Open Cluj-Napoca 2015 Asian pre-qualifier,2015-09-06,1918
intl-lan,DreamHack Masters Malmö 2016,2016-04-17,2099
other,SLTV ProSeries XI,2014-11-25,1558
other,nAvTV Sunday Series August Cup 2014,2014-09-01,1468
other,ESWC 2015 France,2015-06-29,1828other,Inferno Online Pantamera Qualifier,2015-02-02,1648

online,King of Nordic Season 1,2015-09-04,1738
online,ESL Polish Championship Season 11,2015-09-24,1919
intl-lan,ESL Barcelona CS:GO Invitational presented by Mobile World Congress,2016-02-21,2100
regional-lan,MAX5 Invitational,2016-01-10,2009
online,Go4CS:GO Cup #122,2014-11-24,1559
other,ESL One Katowice 2015 Polish Qualifier,2015-02-03,1649
online,BenQ All-Star Showmatch #5,2015-06-29,1829
other,CS Select #9,2015-04-30,1739
online,DreamHack Open Cluj-Napoca 2015 NA pre-qualifier,2015-09-15,1920
other,QuickShot Arena #14,2015-11-12,2010
other,D!ngIT $2000 Weekly Cup #33,2016-01-12,2101
online,European Championship 2014,2014-11-11,1469
online,Go4CS:GO Europe Pro League Winter 2014 Group Final,2014-11-24,1560
other,CS Select #10,2015-05-01,1740
other,ESL One Katowice 2015 NA Qualifier,2015-02-05,1650
intl-lan,Uprise Champions Cup Season 3 Finals,2015-09-30,1921
other,ESL One Cologne 2015 EU pre-qualifier #2,2015-07-02,1830
regional-lan,Assembly Winter 2016,2016-02-06,2102
other,LVP Season 9 Division de Honor Sprint #2,2015-11-15,2011
online,FACEIT League EU Season 2,2014-10-09,1470
online,99Damage Arena #1,2014-11-26,1561
other,ESL Frühlingsmeisterschaft 2015 Finals,2015-05-02,1741
online,RGN Brazilian Open,2015-09-04,1922
other,ESL One Cologne 2015 China pre-qualifier,2015-06-30,1831
other,STARSLeague,2015-11-12,2012
other,Tuddinn LAN 1 | 2016,2016-01-10,2103
intl-lan,ESEA Invite Season 18 Global Finals,2015-04-20,1651
online,FACEIT League NA Season 2,2014-10-09,1471
other,Hitbox CS:GO Championship by E-Frag.net,2014-11-27,1562
other,ESL One Katowice 2015 Last Chance Qualifier,2015-02-08,1652
other,CS Select #18,2015-07-04,1832
intl-lan,Game Show Global eSports Cup 2016 Finals,2016-02-07,2013
online,MixBOT Pro-League Invite Season 1,2015-10-05,1923
other,DreamHack Open Leipzig 2016 Closed Qualifier,2016-01-10,2104
online,ESL ESEA Pro League Season 1,2015-06-24,1742
online,Caseking of the Hill #7,2014-09-09,1472
other,ESEA Invite Season 17 Global Finals,2014-12-08,1563
other,Game Show League Season 2 EU Qualifier,2015-02-08,1653
intl-lan,Assembly Summer 2015 AMD CS:GO Challenge,2015-08-01,1833
other,WinOut.net 20k Last Chance Qualifier,2015-09-04,1924
regional-lan,CIS LAN Championship #2,2015-11-19,2014
other,RGN European Open II,2016-02-11,2105
other,ESL UK Community Challenge S2 Cup #6,2014-09-03,1473
other,BREKAN Cuadrangular 2015,2015-02-09,1654
online,G2A.com December Cup Powered by FACEIT NA,2014-12-21,1564
other,ESL One Cologne 2015 East Asia pre-qualifier,2015-07-04,1834
other,ACL Melbourne 2015,2015-09-06,1925
other,Game On Invitational,2015-11-15,2015
other,ESL Pro Series Germany Summer 2014 LAN Finals,2014-09-06,1474
other,RGN Winter Classic II,2016-02-18,2106
online,Acer Predator Masters powered by Intel Season 1,2015-07-21,1744
other,Millenium Showmatch #4,2014-12-03,1565
other,eGaming CS:GO Championship 2015,2015-09-06,1926
other,ESL One Cologne 2015 South-East Asia pre-qualifier,2015-07-05,1835
other,Red Dot Closed Qualifier,2015-11-24,2016
other,RGN Intercontinental Open: Europe,2015-03-05,1655
other,Rising Stars South America #1,2016-01-15,2107
online,CS:GO Legends Series #2,2014-09-08,1475
online,CEVO Main Season 7,2015-07-07,1745
other,GameAgentsTV Showmatch #1,2014-12-02,1566
online,D!ngIT $2000 Weekly Cup #16,2015-09-09,1927
other,Global Grand Masters #1,2015-11-17,2017
other,D!ngIT $2000 Weekly Cup #7,2015-07-07,1836
other,IEM Taipei 2016 Chinese Qualifier,2016-01-17,2108
online,Balkan Championship Season 2,2015-07-15,1746
online,King of Majors,2015-02-18,1657
online,Fragbite Masters Season 5,2015-12-02,1928
other,GDK CS:GO Tournament,2014-12-07,1567
other,BenQ All-Star Showmatch #7,2015-11-16,2018
online,Hitbox Arena Championship 3,2014-11-04,1477
online,Uprise Champions Cup Season 3,2015-09-13,1837
intl-lan,DreamHack ZOWIE Open Summer 2016,2016-06-20,2109
online,ESWC 2014 France Vakarm.net pre-qual #1,2014-09-14,1478
other,D!ngIT $2000 Weekly Cup #26,2015-11-17,2019
online,iBUYPOWER Invitational,2015-03-02,1658
online,Fragbite Masters Season 5 Main Qualifier,2015-10-07,1929
online,South East Europe Championship,2014-12-17,1568
intl-lan,DreamHack ZOWIE Open Winter 2016,2016-11-26,2110
online,Counter Pit League Qualifier,2015-05-19,1748
other,ESEA Invite Season 17 All-Star,2014-12-06,1569
other,BenQ All-Star Showmatch #6,2015-07-08,1839
online,QuickShot Arena #6,2015-09-11,1930
other,Operation: Kinguin #2 Closed Qualifier,2016-01-16,2111
other,ESL South East Europe Championship Season 1 Finals,2015-05-10,1749
other,99Damage League Season 2,2016-02-07,2020
intl-lan,DreamHack ZOWIE Open Bucharest 2016,2016-09-18,2112
other,Balkan SuperCup #2 LAN Finals,2015-09-13,1931
other,Nordic Masters 2015,2015-02-15,1660
other,RGN Winter Classic,2014-12-11,1570
online,CS Select #11,2015-05-09,1750
other,QuickShot Arena #15,2015-11-21,2021
regional-lan,WinOut $20,000 CS:GO Championships Powered by Azubu.tv,2015-09-07,1840
online,SLTV StarSeries XI,2014-09-30,1480
online,CS Select #2,2015-02-17,1661
online,99Damage Arena #14,2015-09-14,1932
other,99Damage Masters #4,2016-02-10,2113
other,D!ngIT &amp; NCSC Korea S1 Qualifier,2015-12-06,2022
other,CS Select #19,2015-07-10,1841
online,DreamHack Stockholm 2014 FACEIT qualifier,2014-09-15,1481
other,IEM Taipei 2016 Oceania Qualifier,2016-01-16,2114
online,Game Show CS:GO League,2014-09-24,1482
other,DreamHack Open Tours 2015 BYOC Qualifier,2015-05-09,1752
other,Ballistix Challenge,2015-07-12,1842
other,LVP Gamergy CS:GO LAN Finals,2014-12-07,1572
online,D!ngIT $2000 Weekly Cup #17,2015-09-16,1933
other,AlienTech AllStars,2015-11-22,2023
online,FACEIT League 2015 Stage 1,2015-04-23,1662
other,ESL UK SteelSeries Community Challenge S2 Finals,2014-09-17,1483
other,Rising Stars North Africa #1,2016-01-18,2115
intl-lan,ESL ESEA Pro League Season 1 Finals,2015-07-05,1753
online,99Damage Arena #2,2014-12-09,1573
other,ESWC 2015 Female,2015-07-12,1843
other,Insomnia 54 Qualifier,2015-03-11,1663
online,ESL ESEA Pro League Season 2,2015-11-20,1934
other,Game Show Global eSports Cup 2016,2016-01-31,2024
other,xfunction Challenger,2015-05-10,1754
other,IEM Taipei 2016 East Asia Qualifier,2016-01-17,2116
online,Millenium Showmatch,2014-09-16,1484
other,CS:GO AOC UK Challenge Winter #4 2014/15,2014-12-09,1574
other,D!ngIT $2000 Weekly Cup #8,2015-07-14,1844
online,FACEIT League 2015 Stage 3 NA Closed Qualifier,2015-09-20,1935
online,Battle for the Throne,2015-02-22,1665
online,Caseking of the Hill #8,2014-09-16,1485
other,Rising Tornado #3,2015-07-24,1845
online,99Damage Arena #7,2015-05-13,1755
other,Game On King of the Hill,2016-04-29,2117
online,ESL Pro League Winter 2014/15,2015-02-05,1575
other,Color League by EIZO &amp; QPAD,2015-11-22,2026
online,FACEIT League 2015 Stage 3 OCE Closed Qualifier,2015-09-22,1936
online,Fragbite Masters Season 4 Last Chance Qualifier,2015-05-12,1756
major,ESL One Cologne 2015,2015-08-23,1666
other,IEM Katowice 2016 EU Qualifier #1,2016-01-17,2118
online,G2A.com December Cup Powered by FACEIT Europe,2015-01-11,1576
other,GameAgents League Season 2 Qualifier,2015-07-23,1846
major,MLG Columbus 2016,2016-04-03,2027
online,FACEIT League 2015 Stage 3,2015-11-15,1937
intl-lan,Acer Predator Masters powered by Intel Season 1 Finals,2015-08-03,1757
online,CS:GO Legends Series #4,2014-10-20,1487
other,D!ngIT $2000 Weekly Cup #9,2015-07-22,1847
other,Gfinity CS:GO UK Championship Finals,2015-11-21,2028
other,CEVO Professional Season 6,2015-03-20,1577
intl-lan,Insomnia 54,2015-04-05,1667
online,Hitbox Arena Showdown Invitational #3,2015-09-16,1938
online,Operation: Kinguin #2,2016-04-20,2119
other,ESL Pro Series Germany Winter 2014 LAN Finals,2014-12-13,1578
online,Uprise Champions Cup Season 2,2015-05-14,1668
other,D!ngIT $2000 Weekly Cup Qualifier,2015-11-22,2029
online,CS Select #12,2015-05-16,1758
online,ESL Pro Series Poland Season 9,2014-11-16,1488
online,CEVO Professional Season 8 Placement EU,2015-08-14,1848
online,RGN Freedom Cup,2015-12-22,1939
other,D!ngIT $2000 Weekly Cup #27,2015-11-24,2030
other,European Championship 2014 LAN Finals,2014-12-15,1579
other,D!ngIT $2000 Weekly Cup #34,2016-01-20,2121
online,Fragbite Masters Season 3 Qualifier #1,2014-09-23,1489
online,CEVO Professional Season 8 Placement NA,2015-08-13,1849
online,LevelDown Championship,2015-09-18,1940
other,G2A.com ShowMatch #1 ,2015-05-16,1760
other,Rising Stars South-East Asia #1,2016-01-25,2122
other,The Logitech Invitational,2014-12-14,1580
other,99Damage Arena #15,2015-11-26,2031
regional-lan,CEVO Professional Season 6 LAN Finals,2015-04-16,1670
other,DreamHack Stockholm CS:GO Invitational 2014,2014-09-26,1490
online,QuickShot Arena #7,2015-09-17,1941
other,IzakTV Summer Cup,2015-07-23,1850
online,Caseking of the Hill #9,2014-09-25,1491
online,Global Offensive Champions League Season 2,2015-12-14,1942
other,ESL Barcelona European Qualifier,2016-01-19,2123
other,CS Select #20,2015-07-30,1851
online,RGN Pro Series EU,2015-08-27,1761
other,Fulcrum Gamers League,2015-12-13,2032
online,Game Show CS:GO League Season 2,2015-08-13,1671
online,99Damage Masters #3,2015-10-14,1943
other,WinOut.net 20k Qualifier #1,2015-07-23,1852
online,Fragbite Masters Season 3 Qualifier #2,2014-09-28,1492
online,SLTV StarSeries XIII,2015-06-14,1762
online,ESL Pro League Season 3,2016-04-27,2124
online,Uprise Champions Cup: Europe,2016-03-07,2033
online,CS:GO Legends Series #3,2014-10-13,1493
online,Rising Showmatch,2015-09-18,1944
intl-lan,CEVO Professional Season 8 Finals,2015-11-09,1853
intl-lan,DreamHack Open London 2015,2015-09-20,1763
online,D!ngIT $2000 Weekly Cup #35,2016-01-26,2125
intl-lan,Counter Pit League Season 2 Finals,2016-03-18,2034
intl-lan,Fragbite Masters Season 4 Finals,2015-06-07,1673
other,European Legends Showmatch 2014,2014-12-15,1584
other,xfunction Challenger 2,2015-09-27,1945
other,ESEA Premier Season 19 North America,2015-07-27,1854
intl-lan,Gaming Paradise 2015,2015-09-09,1764
online,Rising Stars CIS #1,2016-01-29,2126
other,QuickShot Arena #16,2015-11-27,2035
online,Fragbite Masters Season 4,2015-05-31,1674
online,ESWC 2014 France Vakarm.net pre-qual #2,2014-09-28,1495
other,MLG X Games Championship Qualifier #1 North America,2014-12-19,1585
other,D!ngIT $2000 Weekly Cup #10,2015-07-28,1855
online,D!ngIT $2000 Weekly Cup #18,2015-09-23,1946
other,Virtus.pro Staff Cup #2,2015-05-31,1765
online,Rising Stars Europe #1,2016-02-01,2127
intl-lan,IEM Katowice 2016,2016-03-05,2036
other,Friday Night Frags by 27in1.com,2015-02-27,1675
other,CS:GO AOC UK Challenge Winter #5 2014/15,2014-12-16,1586
other,eSports Arena Inaugural $5k Open ,2015-09-21,1947
other,X5 Mega Arena CS:GO,2014-09-29,1496
other,99Damage Arena #10,2015-07-29,1856
online,RGN Pro Series NA Closed Qualifier,2015-06-11,1766
online,IEM Katowice 2016 EU Qualifier #2,2016-01-26,2128
other,ESL South East Europe Championship Season 2 Finals,2015-11-28,2037
online,GamePlan Pro League,2015-05-28,1676
online,SLTV StarSeries XII Qualifier,2014-12-19,1587
online,QuickShot Arena #8,2015-09-24,1948
online,xfunction Masters Season III,2015-08-17,1857
other,Areena #5 by ROCCAT,2014-10-05,1497
online,Uprise Champions Cup Season 4 Qualifier,2016-02-11,2129
online,RGN Pro Series NA,2015-08-27,1767
online,ESL Pro Series France XIII,2014-12-17,1588
other,LanTrek 2015,2015-03-01,1677
other,Capital NEO Gaming Cup 2015,2015-11-29,2039
intl-lan,Crown&apos;s Counter-Strike Invitational,2015-10-10,1949
intl-lan,ESL Pro League Season 3 Finals,2016-05-16,2130
online,Counter Pit League,2015-09-29,1768
other,Areena #6 by ROCCAT,2014-10-05,1498
other,CCS Kick-off Season Romanian Qualifier,2015-02-28,1678
other,MLG X Games Championship Qualifier #1 Europe,2014-12-20,1589
other,ESEA Premier Season 20 North America,2015-12-01,2040
online,WinOut.net 20k Qualifier #2,2015-08-12,1859
online,D!ngIT $2000 Weekly Cup #19,2015-09-29,1950
online,D!ngIT $2000 Weekly Cup #1,2015-05-23,1769
other,D!ngIT $2000 Weekly Cup #28,2015-12-01,2041
other,CCS Kick-off Season Closed Qualifier #1,2015-03-07,1679
online,UnderDogs #1,2015-11-10,1951
other,Acer A-Split Invitational powered by Intel,2014-12-22,1590
other,CS Select #14,2015-05-23,1770
other,Fragbite Masters Season 3,2014-11-09,1500
online,GO:NA,2016-03-01,2133
online,CCS Kick-off Season Closed Qualifier #2,2015-03-08,1680
other,xfunction Masters by hitbox,2014-12-21,1591
intl-lan,IEM Gamescom 2015,2015-08-08,1861
online,CSHUB Series Season 1,2015-11-19,1952
other,Uprise Champions Cup Season 2 LAN Finals,2015-05-23,1771
online,Counter Pit League Season 2,2016-03-02,2042
other,ESWC 2014 China LAN Qualifier,2014-10-04,1501
local-lan,ESL Polish Championship Season 11 Finals,2015-10-03,1953
other,QuickShot Arena #1,2015-07-31,1862
other,CIS Rising League Season 2,2015-03-18,1592
other,ESL UK Premiership Season 1 Finals,2015-05-24,1772
online,Global Offensive Champions League Season 1,2015-08-11,1681
other,99Damage Arena #16,2015-12-03,2043
other,Game Show CS:GO League LAN Finals,2014-10-05,1502
intl-lan,DreamHack Austin 2016,2016-05-09,1954
intl-lan,ELEAGUE Season 1,2016-07-31,2135
other,UCC ShowMatch Cup,2015-12-01,2044
other,CS Select #15,2015-05-24,1773
other,TaKeTV Showmatch,2015-03-05,1682
online,ESWC 2014 European Qualifier,2014-10-05,1503
online,Rising Stars Female,2016-02-09,2136
other,MLG X Games Championship Qualifier #2 Europe,2014-12-21,1594
online,QuickShot Arena #9,2015-10-03,1955
other,Friday Night Frags by Strafe App,2015-03-06,1683
other,ACL Sydney 2015 CS:GO Last Chance,2015-05-25,1774
other,QuickShot Arena NA #1,2015-12-02,2045
other,MČR 2014,2014-10-04,1504
other,CS Select #3,2015-03-07,1684
other,MLG X Games Championship Qualifier #2 NA,2014-12-22,1595
intl-lan,IEM San Jose 2015,2015-11-23,1865
other,Red Dot Invitational,2016-01-12,2046
online,LVP Season 9 División de Honor Sprint #1,2015-10-08,1956
online,DreamHack Open Summer 2015 Qualifier #1,2015-05-24,1775
other,GIGACON 2014,2014-10-04,1505
online,King of Nordic Season 3,2016-04-22,2137
other,D!ngIT $2000 Weekly Cup #29,2015-12-08,2047
other,Balkan SuperCup #1 LAN Finals,2015-08-02,1866
online,Binary Dragons Hellstore Winter Cup,2016-02-07,2138
online,Milan Games Week 2015 League by FACEIT,2015-10-15,1957
online,FACEIT League 2015 Stage 2 EU Qualifier,2015-06-01,1776
other,Game Ninja 2015,2015-03-07,1685
online,99Damage Arena #3,2014-12-24,1596
other,ESWC 2014 Norway,2014-10-05,1507
local-lan,Płońsk eSports Challenge,2016-02-07,2139
online,DreamHack Open Summer 2015 Qualifier #2,2015-05-25,1777
other,CS:GO AOC UK Challenge Winter #6 2014/15,2014-12-23,1597
other,QuickShot Arena #17,2015-12-05,2048
online,CCS Kick-off Season,2015-03-26,1686
intl-lan,Acer Predator Masters powered by Intel Season 2 Finals,2016-02-14,1958
other,ESWC 2014 Portugal Qualifier,2014-10-06,1508
online,CCS Kick-off Season Last Chance,2015-04-08,1687
online,FACEIT League 2015 Stage 2 NA Qualifier,2015-06-03,1778
online,Fight Night: Season I,2015-08-16,1868
online,CEVO Gfinity Professional Season 9 Placement EU,2016-02-15,2140
online,Acer Predator Masters powered by Intel Season 2,2016-01-20,1959
online,99Damage Arena #8,2015-06-02,1779
other,99Damage Arena #11,2015-08-04,1869
other,SoStronk Challenger Asia #1,2015-12-10,2050
online,Millenium Showmatch #2,2014-10-07,1509
online,GameAgents League Season 1,2015-04-30,1688
online,New Year Invitational,2015-01-04,1599
online,CEVO Gfinity Professional Season 9 Placement NA,2016-02-16,2141
regional-lan,iBUYPOWER Cup 2015,2015-11-16,1960
online,D!ngIT $2000 Weekly Cup #12,2015-08-13,1870
 other,xfunction Iberian Cup by hitbox,2015-03-19,1689
intl-lan,MLG X-Games Aspen 2015,2015-01-25,1600
local-lan,GWZA Season 1 Finals,2016-02-14,2142
other,D!ngIT CS:GO Asia Invitational Season 2,2016-12-28,2051
online,FACEIT League 2015 Stage 2 Oceanic Qualifier,2015-05-30,1780
online,Rising Tornado #5,2015-10-27,1961
intl-lan,ASUS ROG Winter 2015,2015-01-31,1601
online,D!ngIT $2000 Weekly Cup #2,2015-05-30,1781
online,xfunction Masters 2016,2016-08-31,1690
other,JCG CS:GO Premier 2015 Summer,2015-10-03,1962
online,IEM Katowice 2016 NA Qualifier,2016-02-15,2143
local-lan,TecnoLAN Pasarela 2015 LAN Finals,2015-12-06,2052
online,World Championships 2015 European Qualifier,2015-10-02,1871
intl-lan,Gamers Assembly 2015,2015-04-06,1691
other,MWEB GameZone Masters Series,2015-10-04,1963
other,CEVO Professional Season 5 LAN Finals,2014-10-12,1512
online,D!ngIT Fareast Asia Invitational Season 2,2016-03-02,2144
local-lan,LVP Season 9 Division de Honor Finals,2015-12-06,2053
other,CS Select #16,2015-05-30,1782
online,D!ngIT $2000 Weekly Cup #11,2015-08-13,1872
intl-lan,ClutchCon 2015,2015-02-02,1602
other,LAN ETS 2015,2015-03-08,1692
other,SocialNat Master League,2015-10-04,1964
online,UnderDogs #2,2016-03-15,2145
other,ESWC 2014 Russia &amp; Ukraine Qualifier,2014-10-12,1513
other,Alienware Area 51 Cup #2,2015-05-30,1783
online,Multifrags Invitational 2015,2015-08-09,1873
other,ESEA BenQ S18 EU Pre-Season Tournament,2015-01-04,1603
regional-lan,Northern Arena 2015,2015-12-06,2054
online,World Championships 2015 Oceanic Qualifier,2015-05-31,1784
other,World Championships 2015 North American Qualifier,2015-08-07,1874
other,Telkom Gaming CS:GO Championships 2014,2014-10-12,1514
other,Game On: CSGOCIRCLE.COM Invitational,2016-02-16,2146
regional-lan,MCS Open Season 1 Finals,2015-01-10,1604
other,CSHR Championship Season 2,2015-10-04,1965
other,ESL Meisterschaft Winter 2015 Finals,2015-12-05,2055
intl-lan,DreamHack Open Cluj-Napoca 2015 Qualifier at DreamHack Open Stockholm,2015-09-27,1693
other,ESL Major League Summer 2015,2015-08-05,1875
intl-lan,SLTV StarSeries XII Finals,2015-03-29,1605
regional-lan,Fulcrum Gamers League Finals,2016-01-10,2056
other,ESWC 2014 Denmark,2014-10-12,1515
online,D!ngIT Sunday Brawl,2015-10-04,1966
online,AlienTech CS:GO League Season I,2016-03-16,2147
intl-lan,World Championships 2015,2015-10-11,1694
other,Intel Challenge Katowice 2015,2015-03-15,1695
other,SLTV StarSeries XI Finals,2014-10-20,1516
other,GamePlan Weekend Tourney,2015-05-31,1786
online,D!ngIT $2000 Weekly Cup #20,2015-10-06,1967
other,ESL ESEA Pro League Season 1 Relegation,2015-08-11,1876
intl-lan,Pantamera CS:GO Challenge 2016,2016-02-28,2148
intl-lan,FACEIT League 2015 Stage 1 Finals,2015-05-04,1606
local-lan,SL i-League StarSeries XIV China Finals,2015-12-20,2057
online,PGL Season 1 NA Qualifier,2015-08-11,1877
online,DreamHack Open Summer 2015 Closed Qualifier,2015-05-31,1787
online,BenQ All-Star Showmatch #1,2014-10-20,1517
other,99Damage Arena #17,2015-12-10,2058
intl-lan,SLTV StarSeries XIII Finals,2015-06-21,1607
regional-lan,Nordic Masters Season 2 Finals,2016-02-21,2149
intl-lan,RGN Pro Series Championship,2015-11-19,1968
other,RGN Intercontinental II: Europe,2015-04-17,1696
intl-lan,Fragbite Masters Season 5 Finals,2015-12-06,1608
local-lan,CyberGamer Pro League Season 2 Winter Finals,2014-10-19,1518
online,QuickShot Arena #10,2015-10-10,1969
intl-lan,CEVO Gfinity Professional Season 9 Finals,2016-05-01,2150
online,NiP TV Female Challenge,2015-08-17,1878
intl-lan,Copenhagen Games 2016,2016-03-26,2059
other,RGN Intercontinental II: NA,2015-04-16,1697
online,Betway Aftonbladet Fight Night #3,2016-02-25,2151
online,Rising Stars Balkan #1,2015-01-30,1609
other,ESL Sommermeisterschaft 2015 Finals,2015-08-09,1879
online,DreamHack Winter 2014 EU pre-qualifier #1,2014-10-19,1519
regional-lan,ESL Nordic Nationals Winter 2015 Finals,2015-12-21,2060
other,CEVO Professional Season 7 Placement EU,2015-04-15,1698
online,FACEIT League 2015 Stage 2,2015-07-08,1789
online,SL i-League StarSeries XIV,2015-12-17,1970
online,World Championships 2015 African Qualifier,2015-08-14,1880
intl-lan,Copenhagen Games 2015,2015-04-05,1610
online,DreamHack Winter 2014 EU pre-qualifier #2,2014-10-19,1520
other,CEVO Professional Season 7 Placement NA,2015-04-07,1699
other,QuickShot Arena #18,2015-12-12,2061
other,Gaming Paradise Belgrade Open Qualifier,2015-06-01,1790
other,Crown Invitational - Aus Qualifier,2015-10-09,1971
online,CEVO Gfinity Professional Season 9,2016-04-22,2152
other,nAvTV Sunday Series March Cup 2015,2015-03-22,1700
other,FACEIT League Season 2 Finals,2014-10-26,1521
major,ESL One Katowice 2015,2015-03-15,1611
online,GameAgents League Season 2,2015-11-19,1881
other,ESPORTSM 2015,2015-06-13,1791
other,League of Sharks,2015-10-10,1972
major,ESL One Cologne 2016,2016-07-10,2062
other,Born To Win Invitational League #1,2016-02-28,2153
other,Fragadelphia 4,2015-03-23,1701
online,DreamHack Winter 2014 NA Closed Qualifier,2014-10-21,1522
intl-lan,CCS Kick-off Season Finals,2015-04-26,1612
intl-lan,ESL ESEA Dubai Invitational 2015,2015-09-12,1882
other,CJM First Blood,2015-05-31,1792
regional-lan,IEM Taipei 2016,2016-02-01,2063
online,King of Nordic Season 2,2016-01-15,1973
local-lan,epic.SEVENTEEN,2016-02-21,2154
intl-lan,ESL Pro League Winter 2014/15 Finals,2015-04-12,1702
online,CS Select #22,2015-08-11,1883
online,DreamHack Winter 2014 EU Closed Qualifier,2014-10-23,1523
intl-lan,DreamHack Open Tours 2015,2015-05-11,1613
other,MSI ESWC USA Qualifier #1,2015-06-01,1793
regional-lan,PGL Regional Minor Championship Europe,2016-02-01,2064
online,D!ngIT $2000 Weekly Cup #21,2015-10-13,1974
online,DreamHack Masters Malmö 2016 NA Closed Qualifier,2016-02-22,2155
online,99Damage Arena #12,2015-08-12,1884
intl-lan,DreamHack Open Summer 2015,2015-06-15,1614
other,LVP Gamergy Qualifier #1,2014-10-23,1524
local-lan,Dustin March Madness 2015,2015-03-28,1703
other,RGN Showseries,2015-12-23,2065
online,AlienTech CS:GO TiTans I,2015-10-20,1975
online,Rising Tornado #1,2015-06-12,1794
local-lan,Cracow Game Spot 2016,2016-02-21,2156
other,EsportFest 2015,2015-03-28,1704
local-lan,Gigabyte Top League Finals,2015-12-14,2066
online,HTC Reborn Invitational,2015-06-08,1795
other,John Wick CS:GO Invitational,2014-10-25,1525
intl-lan,FACEIT League 2015 Stage 3 Finals at DH Winter 2015,2015-11-29,1615
online,PGL Season 1 EU Qualifiers,2015-08-14,1885
online,QuickShot Showmatches,2015-11-13,1976
online,Balkan Challenge #1,2016-02-24,2157
other,Alienware Area 51 Cup #1,2015-03-29,1705
intl-lan,PGL Season 1 Finals,2015-10-04,1886
online,D!ngIT $2000 Weekly Cup #3,2015-06-06,1796
intl-lan,FACEIT League 2015 Stage 2 Finals at DreamHack Valencia,2015-07-18,1616
local-lan,BHG CS:GO Tournament,2015-12-13,2067
intl-lan,DreamHack ZOWIE Open Leipzig 2016,2016-01-24,1977
other,ESWC 2014,2014-11-02,1526
online,Game Show Spring Invitational 2016,2016-09-21,2158
other,ESWC 2015 China,2015-06-07,1797
regional-lan,MLG Americas Minor Championship,2016-01-17,2068
intl-lan,SL i-League StarSeries XIV Finals,2016-01-17,1978
online,QuickShot Arena #2,2015-08-14,1887
other,xfunction Masters Season II,2015-03-30,1706
other,ESWC 2014 France,2014-10-29,1527
major,DreamHack Open Cluj-Napoca 2015,2015-11-01,1617
online,Stream.me Gauntlet ,2016-03-29,2159
online,CS Select #24,2015-08-14,1888
intl-lan,Gfinity 2015 Spring Masters 1,2015-03-22,1618
online,FACEIT SEA Launch Cup,2015-06-06,1798
online,MLG Columbus 2016 Last Chance NA pre-qualifier,2016-01-25,2069
intl-lan,ESWC 2015,2015-07-13,1707
intl-lan,China Cup 2017,2017-03-19,2160
online,MixBOT Pro-League Invite Season 2,2016-04-06,1979
online,Azubu.tv Showmatch,2015-10-16,1980
online,MLG Columbus 2016 Last Chance EU/CIS pre-qualifier,2016-02-06,2070
local-lan,CSL 2016 Finals,2016-09-25,2161
intl-lan,Gfinity 2015 Spring Masters 2,2015-05-17,1619
other,ESWC 2014 Female,2014-11-01,1529
other,ESEA Premier Season 17 North America,2014-11-04,1530
other,99Damage Arena #9,2015-06-07,1800
other,Jimm&apos;s CS:GO Challenge,2015-10-17,1981
intl-lan,Gfinity 2015 Summer Masters 1,2015-06-28,1620
intl-lan,Intel Challenge Katowice 2016,2016-03-06,2162
intl-lan,MLG Columbus 2016 Main Qualifier,2016-02-29,2071
online,CEVO Professional Season 8,2015-10-16,1890
intl-lan,Gfinity 2015 Champion of Champions,2015-09-27,1621
other,SoStronk KOTH Asia #2,2015-12-15,2072
other,LVP Gamergy Qualifier #2,2014-11-06,1531
other,ESWC 2015 Russia,2015-06-07,1801
online,Binary Dragons Cup 2,2016-03-08,2163
online,D!ngIT $2000 Weekly Cup #13,2015-08-18,1891
other,Copenhagen Games 2015 female,2015-04-04,1710
local-lan,Fragadelphia 6,2015-10-19,1982
other,Hitbox Arena Showdown Invitational,2015-06-09,1802
online,DreamHack Open London 2015 Closed Qualifier,2015-08-19,1892
intl-lan,Inferno Online Pantamera Challenge,2015-02-08,1622
regional-lan,Azubu Australian Masters,2014-11-09,1532
other,D!ngIT $2000 Weekly Cup #30,2015-12-15,2073
online,D!ngIT $2000 Weekly Cup #22,2015-10-21,1983
online,Razer Rising Stars European League Qualifiers,2016-03-11,2164
online,CS Select #25,2015-08-18,1893
online,CS:GO Legends Series NA #1,2014-11-10,1533
other,Game On Asian Invitational,2015-12-13,2074
local-lan,CyberGamer Premier League 3 Finals,2015-04-12,1712
online,QuickShot Arena #11,2015-10-22,1984
online,ESEA Invite Season 18 NA,2015-03-06,1623
online,Global Offensive Champions League Season 3,2016-04-29,2165
local-lan,Telkom DGL Masters 2016 Cape Town,2016-03-20,2166
online,RGN European Open,2015-12-07,1985
other,Operation: Kinguin,2015-12-16,2075
online,Aftonbladet Fight Night,2015-04-13,1713
online,Aftonbladet Fight Night #2,2015-06-09,1804
online,Hitbox Arena Showdown Invitational #2,2015-08-19,1894
online,ESEA Invite Season 18 Europe,2015-03-08,1624
online,99Damage Arena #4,2015-01-13,1625
other,GamePlan Summer,2015-06-16,1805
online,ESL UK Premiership Season 2,2015-09-29,1895
online,Go4CS:GO Cup #120,2014-11-10,1535
intl-lan,ESL ESEA Pro League Season 2 Finals,2015-12-14,1986
other,AlienTech CS:GO European Cup II,2016-01-03,2076
online,Balkan Superleague,2015-06-04,1714
online,Ascendancy Cup #1,2015-10-25,1987
online,QuickShot Arena #3,2015-08-21,1896
regional-lan,ESL Pro Series Germany Winter 2014,2014-11-11,1536
online,iBUYPOWER Invitational Spring 2016,2016-03-21,2168
intl-lan,CEVO Professional Season 7 Finals,2015-07-27,1715
regional-lan,StarLadder Regional Minor Championship CIS,2016-01-24,2077
other,ESL UK Premiership Season 2 Finals,2015-10-25,1988
other,ESEA Main Season 17 Europe,2014-11-11,1537
other,SLTV ProSeries XII,2015-04-14,1716
other,RGN New Years Open,2015-01-19,1627
local-lan,EsportFest 2016,2016-03-12,2169
regional-lan,ESL One Cologne 2015 Asian Qualifier,2015-07-19,1807
online,D!ngIT $2000 Weekly Cup #14,2015-08-25,1897
other,QuickShot Arena NA #2,2015-12-16,2078
online,99Damage Arena #5,2015-04-16,1717
other,AlienTech CS:GO TiTans I Finals,2015-10-25,1989
online,Razer Rising Stars South American League Qualifiers,2016-03-14,2170
other,Game On European Invitational,2015-12-17,2079
online,ASUS ROG Winter 2015 Qualifier,2015-01-11,1628
regional-lan,ESL One Cologne 2015 European Qualifier,2015-07-26,1808
online,99Damage League Season 1,2015-10-22,1898
intl-lan,ELEAGUE Road to Vegas,2016-01-07,2080
online,Caseking King of Kings,2014-11-16,1539
online,Uprise Champions Cup: Europe CIS Qualifier,2015-10-25,1990
online,Fragbite Masters Season 4 Qualifier #1,2015-04-15,1718
online,DreamHack Masters Malmö 2016 Asia Open Qualifier,2016-03-12,2171
online,SLTV StarSeries XII,2015-03-09,1629
online,CS Select #26,2015-08-26,1899
regional-lan,ESL One Cologne 2015 NA Qualifier,2015-08-03,1809
other,ELEAGUE Road to Vegas Closed EU Qualifier,2015-12-18,2081
other,ESL Pro League Winter 2014/15 UK Qualifier,2014-11-13,1540
other,CS Select #7,2015-04-17,1719
other,Milan Games Week 2015 League by FACEIT Finals,2015-10-25,1991
online,99Damage Masters,2015-02-12,1630
other,D!ngIT $2000 Weekly Cup #4,2015-06-13,1810
online,Rising Tornado #4,2015-09-20,1900
online,DreamHack Masters Malmö 2016 Asia Closed Qualifier,2016-03-13,2172
other,ELEAGUE Road to Vegas Closed NA Qualifier,2015-12-19,2082
other,ESL Pro League Winter 2014/15 Polish Qualifier,2014-11-12,1541
online,ESL South East Europe Championship Season 1,2015-04-29,1720
other,Millenium Showmatch #5,2015-01-16,1631
online,D!ngIT $2000 Weekly Cup #23,2015-10-28,1992
online,DreamHack Masters Malmö 2016 Europe Closed Qualifier #1,2016-03-14,2173
online,PGL Season 1,2015-09-12,1901
other,ESEA Invite Season 18 All-Star,2015-04-17,1721
other,BenQ All-Star Showmatch #4,2015-06-13,1812
other,ESL Pro League Winter 2014/15 Iberian Qualifier,2014-11-16,1542
other,QuickShot Arena #19,2015-12-19,2083
other,QuickShot Arena #12,2015-10-29,1993
online,FACEIT League 2015 European Qualifier #1,2015-01-18,1632
online,PGL Season 1 Replacement Qualifier,2015-08-26,1902
online,DreamHack Masters Malmö 2016 Europe Closed Qualifier #2,2016-03-20,2174
other,DreamHack Open Summer 2015 BYOC Qualifier,2015-06-13,1813
other,CIS LAN Championship,2015-04-20,1722
online,ESL Pro League Winter 2014/15 German Qualifier,2014-11-16,1543
other,99Damage Arena #18,2015-12-18,2084
online,QuickShot Arena #4,2015-08-28,1903
other,FACEIT League 2015 European Qualifier #2,2015-01-18,1633
other,ASUS ROG Nordic Challenge,2015-11-01,1994
online,DreamHack Masters Malmö 2016 Europe Open Qualifier #1,2016-03-12,2175
other,ESL ESEA Pro League Season 2 Relegation,2015-12-17,2085
other,FACEIT League 2015 European Closed Qualifier,2015-01-21,1634
online,World Championships 2015 South American Qualifier,2015-06-23,1814
online,Virtus.pro Staff Cup #1,2014-11-23,1544
online,World Championships 2015 Asian Qualifier,2015-09-03,1904
online,Uprise Champions Cup Season 4,2016-06-29,2176
other,D!ngIT CS:GO Asia Invitational Season 1,2015-11-21,1995
local-lan,CyberGamer Premier League 4 Finals,2015-11-01,1996
other,WCA Season 1 Qualifier,2016-04-28,2177
other,Rising Stars Balkan #2,2015-12-20,2086
intl-lan,Gaming Paradise Inhouse Qualifier,2015-06-26,1815
local-lan,r1seCup ,2015-04-19,1724
online,GamersImpact Charity Drive,2014-11-15,1545
online,99Damage Arena #13,2015-08-30,1905
other,RGN Pro Series II NA Closed Qualifier,2016-07-20,1635
other,Personal Gamer,2016-03-15,2178
other,ESWC 2015 CIS,2015-06-18,1816
online,Go4CS:GO Cup #121,2014-11-17,1546
other,ASUS Finals 9,2015-12-20,2087
other,NVIDIA Showmatch,2015-01-22,1636
online,D!ngIT CS:GO $1000 Invitational,2015-04-19,1725
online,CS Select #27,2015-08-29,1906
other,Play It Cool CS:GO Community Challenge,2015-12-19,2088
other,D!ngIT $2000 Weekly Cup #24,2015-11-04,1998
regional-lan,AlienTech CS:GO League Season I Finals,2016-04-10,2179
online,DreamHack Masters Malmö 2016 Europe Open Qualifier #2,2016-03-19,2184
online,Rising Stars Asia #1,2015-04-19,1637
other,D!ngIT $2000 Weekly Cup #5,2015-06-20,1817
online,DreamHack Open Tours 2015 Closed Qualifier,2015-04-22,1726
intl-lan,Fragbite Masters Champions Showdown,2015-09-05,1907
other,AFKG MENA Championship,2015-12-19,2089
online,Hitbox Challenger Cup,2016-04-12,2185
online,DreamHack ZOWIE Open Summer 2016 Open Qualifier #2,2016-06-04,2275
online,FACEIT League 2015 Stage 3 EU Open pre-qualifier #1,2015-08-30,1908
online,ESL UK Premiership Season 1,2015-04-29,1727
online,iBP Summer Invitational,2015-06-22,1818
other,SoStronk KOTH Asia #1,2015-11-08,1999
local-lan,AlienTech CS:GO Invitational I,2016-03-20,2180
other,Insomnia 55,2015-08-30,1909
online,Liga PRO GamersClub - MAY/16,2016-06-06,2276
other,D!ngIT $2000 Weekly Cup #31,2015-12-22,2090
other,Fragadelphia 5,2015-06-22,1819
other,Uprise Champions Cup: Europe EU Qualifier,2015-11-05,2000
other,Dust2.dk eOddset Kinguin #1,2016-06-25,2181
online,SL I-League Invitational #1 EU Qualifiers,2016-05-11,2186
online,FACEIT League 2015 Stage 3 EU Open pre-qualifier #2,2015-08-30,1910
online,ESEA Open Season 22 Oceania,2016-08-18,2366
online,DreamHack ZOWIE Open Summer 2016 Closed Qualifier #2,2016-06-06,2277
other,QuickShot Arena #13,2015-11-07,2001
other,Uprise Champions Cup Season 4 Pre-Qualifier,2015-12-23,2091
other,Komplett Barcraft eXperience,2016-03-19,2182
intl-lan,SL i-League Invitational #1,2016-05-22,2187
local-lan,ASUS ROG GameXpo 2016,2016-11-06,2548
regional-lan,Adrenaline Open Cyber Cup,2016-06-05,2278
intl-lan,ECS Season 2 Finals,2016-12-12,2367
other,StarLadder Regional Minor Championship CIS Closed Qualifier,2015-12-26,2092
regional-lan,Gigabyte Top League #3 Finals,2016-03-21,2183
local-lan,ESL Polish Championship 2016,2016-10-01,2457
online,ESL Pro League Season 5 North America,2017-05-12,2639
online,Balkan Championship Season 3,2016-06-05,2188
other,Tuddinn LAN 2 | 2016,2016-06-06,2279
online,QuickShot Arena #28,2016-11-07,2549
online,Hellcase Cup 3 Closed Qualifier,2017-03-27,2730
online,WESG 2016 Benelux,2016-09-23,2458
online,Europe Minor Qualifier 4 - PGL Major Krakow 2017,2017-05-16,2821
regional-lan,ESEA Premier Season 23 North America Finals,2017-01-06,2640
online,ESL Pro League Season 4 - North America,2016-10-14,2368
other,Razer Rising Stars NA League Qualifiers,2016-03-25,2189
online,Americas Minor - ELEAGUE Major 2017 - Open Qualifier 1,2016-11-03,2550
online,MixBOT Pro-League Golden,2016-07-28,2280
online,Hellcase Cup 3,2017-04-03,2731
online,WESG 2016 Ukraine,2016-09-25,2459
online,Europe Minor Closed Qualifier - PGL Major Krakow 2017,2017-05-19,2822
intl-lan,cs_summit Spring 2017,2017-04-24,2641
online,ESL Pro League Season 4 - Europe,2016-10-13,2369
online,Americas Minor - ELEAGUE Major 2017 - Closed Qualifier,2016-11-09,2551
online,owayo Masters I,2016-06-15,2281
online,Binary Dragons csgopolygon Season 1,2017-04-07,2732
online,WESG 2016 Russia,2016-09-25,2460
intl-lan,ASUS ROG Community Challenge Grand Finals,2017-01-08,2642
local-lan,Minho Electronic Esports Cup,2017-04-23,2823
intl-lan,Copenhagen Games 2016 BYOC Qualifier,2016-03-25,2191
online,ESL Pro League Season 4 - Europe Wild Card,2016-08-15,2370
local-lan,Czech Championship 2016,2016-11-05,2552
other,X-Kom Clash,2016-06-12,2282
online,Binary Dragons Cup 5,2017-03-23,2733
online,WESG 2016 The UK, Ireland &amp; Iceland ,2016-09-25,2461
online,ESL Pro League Season 4 Europe Relegation,2017-01-19,2643
local-lan,Dust2.dk eOddset Masters #9 Finals,2017-04-23,2824
other,RGN 2016 Pro Series Open Qualifier,2016-03-25,2192
online,ESL Pro League Season 4 - North America Wild Card,2016-08-18,2371
online,Game On CS:GO June Invitational,2016-06-16,2283
online,ESL Pro League Season 4 North America Relegation,2017-02-03,2644
online,WESG 2016 Northern Europe &amp; Post CIS,2016-09-28,2462
online,ZEN Esports Network League Season 1,2017-04-19,2553
online,Douyu CS:GO Asia Invitational,2017-04-28,2825
local-lan,ESL UK Premiership Spring 2017 Finals,2017-03-18,2734
other,ESL Australia  &amp; NZ Championship Season 2 Open Qualifier,2016-08-14,2372
intl-lan,Copenhagen Games 2016 female,2016-03-26,2193
other,WCA Season 2 China Qualifier,2016-07-07,2284
online,WESG 2016 Germany,2016-09-28,2463
online,DreamHack Open Austin 2017 Europe Open Qualifier,2017-03-25,2735
online,Americas Minor South America Qualifier - PGL Major Krakow 2017,2017-04-30,2826
online,Liga PRO GamersClub - OCT/16,2016-11-16,2554
online,Dolphin CS Shoot &apos;Em Up 2,2017-03-17,2645
online,ECS Season 2 EU Development League Open Qualifier #2,2016-08-14,2373
other,Razer Rising Stars SEA League Qualifiers,2016-03-27,2194
intl-lan,Northern Arena 2016 - Toronto,2016-09-04,2285
online,DreamHack Open Austin 2017 Europe Closed Qualifier,2017-03-26,2736
online,WESG 2016 Central Europe,2016-09-30,2464
online,Americas Minor North America Qualifier - PGL Major Krakow 2017,2017-05-07,2827
regional-lan,Americas Minor - ELEAGUE Major 2017,2016-12-04,2555
online,Liga PRO GamersClub - DEC/16,2017-01-14,2646
online,WESG 2016 South &amp; East Africa,2016-08-15,2374
other,Gamers Assembly 2016,2016-03-28,2195
intl-lan,Northern Arena 2016 - Montreal,2016-11-14,2286
other,WESG 2016 New Zealand,2016-09-30,2465
online,Americas Minor - ELEAGUE Major 2017 - Open Qualifier 2,2016-11-08,2556
online,Acer CyberGamer Premier League Autumn 2017 FFYI Qualifier,2017-01-12,2647
online,DreamHack Open Austin 2017 North America Open Qualifier,2017-03-26,2737
online,Americas Minor North America Closed Qualifier - PGL Major Krakow 2017,2017-05-14,2828
online,WESG 2016 North &amp; West Africa,2016-08-15,2375
other,ICL 30,2016-03-27,2196
regional-lan,WESG 2016 Australia,2016-10-22,2466
online,DreamHack Open Austin 2017 North America Closed Qualifier,2017-03-27,2738
online,DreamHack Masters Las Vegas 2017 North America Closed Qualifier,2017-01-16,2648
online,Yoggi Yalla Cup 2017 - Qualifier 5,2017-04-24,2829
online,WESG 2016 Middle East,2016-08-15,2376
local-lan,NEA 2016 Finals ,2016-07-03,2288
online,DreamHack Austin 2016 Closed Qualifier,2016-03-28,2197
online,QuickShot Arena #29,2016-11-12,2558
local-lan,Serbian First League S2 LAN Finals,2017-04-02,2739
intl-lan,Assembly Winter 2017,2017-02-04,2649
online,Kinguin for Charity with PayPal,2016-09-29,2467
online,WESG 2016 Turkey,2016-08-15,2377
online,ArcaneBet Balkan ProLeague Season 2,2017-05-23,2830
other,ESPORTSM 2016 Finals,2016-06-18,2289
local-lan,FPSThailand x SteelSeries Pro League,2017-03-26,2740
online,QuickShot Arena #24,2016-10-03,2468
regional-lan,Fragadelphia 10,2017-01-16,2650
intl-lan,IGL 2016 - Grand Final,2016-11-27,2559
other,Insomnia 57,2016-03-28,2198
online,Liga PRO Alienware GamersClub #3,2017-05-05,2831
other,H-Cup Season 2,2016-06-28,2290
local-lan,Tuddinn LAN 1 | 2017,2017-01-16,2651
online,WESG 2016 United States,2016-09-29,2469
online,Legend Series #1,2017-03-24,2741
local-lan,ESWC 2016 Bulgaria,2016-09-04,2379
other,Yoggi Yalla Cup,2016-06-14,2199
online,World Championships 2016 Asian Qualifier,2016-07-19,2291
other,SL i-League S3 China Wild Card Qualifier,2017-01-22,2652
other,WESG 2016 India &amp; South-East Asia,2016-09-27,2470
intl-lan,Legend Series #1 Finals,2017-04-01,2742
online,DreamHack Nordic Championship 2016 - Qualifier,2016-11-10,2560
online,The Adria Masters Season 1,2017-05-19,2833
online,Betway WCA 2016 EU Main Qualifier,2016-11-20,2380
online,SL i-League Invitational China Qualifier,2016-04-27,2200
regional-lan,DreamHack Valencia 2016,2016-07-16,2292
online,IEM Katowice 2017 EU Open Qualifier 1,2017-01-17,2653
online,DreamHack Open Tours 2017 Europe Open Qualifier,2017-04-01,2743
regional-lan,DreamHack Nordic Championship 2016,2016-11-25,2561
local-lan,TTU e-Sport Summer 2016,2016-08-21,2381
major,ELEAGUE Major 2017,2017-01-29,2471
other,MLG Columbus 2016 All-Star Match,2016-04-03,2201
other,RoG Finals 10,2016-06-26,2293
online,IEM Katowice 2017 EU Open Qualifier 2,2017-02-03,2654
online,DreamHack Open Tours 2017 Europe Closed Qualifier,2017-04-03,2744
local-lan,GTL Rosario 2016,2016-12-08,2562
online,Binary Dragons csgopolygon Cup 6,2017-05-24,2835
intl-lan,ELEAGUE Major Main Qualifier,2016-12-19,2472
online,ECS Season 1 Qualifier,2016-04-10,2202
other,DreamHack ZOWIE Open Bucharest 2016 Closed Qualifier,2016-08-22,2382
other,MPGL Season 8 Finals,2016-06-25,2294
online,IEM Katowice 2017 EU Closed Qualifier,2017-02-06,2655
online,DreamHack Open Tours 2017 North America Open Qualifier,2017-04-02,2745
local-lan,Reboot Esports Championship,2016-11-12,2563
other,CyberPowerPC Summer 2016 Qualifier #2,2016-06-27,2295
other,WESG 2016 Philippines,2016-09-28,2473
online,ECS Season 2 EU Development League Open Qualifier #3,2016-08-21,2383
online,IEM Katowice 2017 NA Open Qualifier,2017-01-23,2656
online,DreamHack Open Tours 2017 North America Closed Qualifier,2017-04-03,2746
intl-lan,WESG 2016 World Finals,2017-01-15,2564
online,WESG 2016 Canada,2016-09-28,2474
online,PGL KeSPA Minor China Qualifier,2016-04-10,2204
other,ECS Season 2 EU Development League Open Qualifier #4,2016-08-28,2384
online,Hitbox Challenger Cup #2,2016-09-19,2296
online,IEM Katowice 2017 NA Closed Qualifier,2017-02-05,2657
online,IEM Sydney 2017 China and Mongolia Qualifier,2017-03-30,2747
local-lan,EB Expo Sydney Finals,2016-10-01,2475
local-lan,Telenor League Winter 2016,2016-11-12,2565
local-lan,GROUND ZERO - Summer 2016,2016-08-22,2385
online,Playing Ducks HomeMasters 2 Qualifier,2017-05-10,2837
other,World Championships 2016 Oceanic Qualifier,2016-06-30,2297
online,Acer CyberGamer Premier League Autumn 2017,2017-03-20,2658
online,ESEA Premier Season 24 Australia,2017-04-12,2748
other,Liga PRO GamersClub - MAR/16,2016-04-09,2206
intl-lan,DreamHack ASTRO Open Leipzig 2017,2017-01-15,2566
online,ESL Benelux Winter Championship 2016,2016-11-09,2476
other,King of Nordic&apos;s Challenger Cup at DigitalityX,2016-07-02,2298
online,ESL Australia &amp; NZ Championship Season 2,2016-10-18,2386
online,Hellcase Cup 2,2017-02-15,2659
intl-lan,ESEA Season 24 Global Challenge - MDL Global Finals,2017-05-14,2749
other,CS Reunion @ Inferno Online,2016-04-09,2207
intl-lan,DreamHack Open Austin 2017,2017-05-01,2567
regional-lan,ESL Benelux Winter Championship 2016 Finals,2016-11-26,2477
local-lan,Tiger Masters Season 3 Qualification #1,2017-04-30,2839
other,AlienTech CS:GO TiTans II Finals,2016-07-03,2299
online,Liga PRO GamersClub - AUG/16,2016-09-01,2387
online,SL i-League Season 3 China Qualifier,2017-03-02,2660
online,ESEA Open Season 24 Brazil,2017-04-12,2750
intl-lan,DreamHack Open Tours 2017,2017-05-08,2568
local-lan,Intel Gaming Challenge,2016-10-03,2478
online,ECS Season 1,2016-05-27,2208
other,ESL National Championship France Summer 2016,2016-07-02,2300
online,UnderDogs #5,2017-05-10,2840
online,ESL Brazil Premier League #2,2016-10-17,2388
online,The Shootout Season 3,2017-01-26,2661
online,ESEA Open Season 24 South Africa,2017-04-24,2751
other,WESG 2016 Other Americas,2016-09-29,2479
online,ESEA Premier Season 21 North America,2016-04-11,2209
online,CEVO Main Season 12 North America,2017-05-26,2841
online,CyberGamer Oceania eSports Masters,2016-07-28,2301
local-lan,Game Evolution,2016-09-11,2389
intl-lan,Intel Challenge Katowice 2017,2017-03-03,2662
online,ESEA Open Season 24 Asia-Pacific,2017-04-20,2752
regional-lan,ESL Australia &amp; NZ Championship Season 2 Finals,2016-11-06,2480
online,ESEA Premier Season 21 Europe,2016-04-11,2210
online,CEVO Main Season 12 Europe,2017-05-24,2842
other,ESL UK Premiership Spring 2016 Finals,2016-07-04,2302
intl-lan,Copenhagen Games 2017,2017-04-15,2753
regional-lan,WESG 2016 Europe &amp; CIS Regional Finals,2016-10-09,2390
intl-lan,Copenhagen Games 2017 Female,2017-04-15,2663
other,WESG 2016 Mexico,2016-09-30,2481
regional-lan,PGL KeSPA Regional Minor Championship Asia,2016-05-08,2211
local-lan,VSL Season 1,2016-08-25,2303
online,ESL South East Europe Championship Season 5,2017-05-25,2843
online,IEM Sydney 2017 ANZ Open Qualifier,2017-03-26,2754
local-lan,Brasil Game Cup 2016,2016-09-04,2391
online,CEVO Main Season 11 Europe,2017-02-10,2664
regional-lan,DreamHack Regional Minor Championship Europe at DH Tours 2016,2016-05-16,2212
intl-lan,IeSF World Championship 2016,2016-10-09,2482
other,Infinity Coliseum LAN 33,2016-07-03,2304
online,Subaru Invitational 2017,2017-05-15,2844
online,IEM Sydney 2017 ANZ Closed Qualifier,2017-04-10,2755
other,Insomnia 58,2016-08-28,2392
online,CEVO Main Season 11 North America,2017-02-05,2665
regional-lan,Sawik Showmatch,2016-06-29,2213
other,WESG 2016 Peru,2016-10-01,2483
online,World Championships 2016 South American Qualifier,2016-07-25,2305
online,Yoggi Yalla Cup 2017 - Qualifier 1,2017-03-27,2756
local-lan,PC-COOLERS LEAGUE CS:GO,2017-05-07,2845
other,EPICENTER: Moscow EU Open Qualifier,2016-08-28,2393
online,Dust2.dk Masters #2,2017-01-29,2666
regional-lan,ESEA Premier Season 21 North America Finals,2016-05-16,2214
local-lan,GamesNet.cl League,2016-10-01,2484
intl-lan,ESL Pro League Season 4 Finals,2016-10-31,2306
online,King of Nordic Season 7,2017-05-26,2846
other,EPICENTER: Moscow CIS Open Qualifier,2016-08-28,2394
online,WCA 2016 Americas,2016-11-14,2575
online,Hellcase Cup 2 Closed Qualifier,2017-02-01,2667
regional-lan,ESEA Premier Season 21 Europe Finals,2016-05-07,2215
online,WESG 2016 Argentina,2016-10-03,2485
other,G-League Lan Final,2016-07-08,2307
online,UK Masters Spring 2017,2017-04-02,2758
online,EPICENTER: Moscow EU Closed Qualifier,2016-09-27,2395
online,Dust2.dk eOddset #4,2016-11-20,2576
online,PGL KeSPA Minor SEA Qualifier,2016-04-14,2216
other,WESG 2016 Taiwan, Hong Kong &amp; Macau,2016-10-02,2486
regional-lan,Game Show Open Season 4 Playoffs,2016-07-10,2308
online,CIS Minor Qualifier - PGL Major Krakow 2017,2017-05-14,2848
local-lan,UK Masters Spring 2017 Finals,2017-04-14,2759
online,ZEN Esports Network East-Asia Qualifier,2017-01-31,2669
online,ESEA Premier Season 23 Europe,2016-12-05,2577
online,WCA 2016 APAC Qualifier,2016-04-19,2217
other,Slovak Championship 2016,2016-10-02,2487
other,IGL Lan Final,2016-07-09,2309
online,Liga PRO Alienware GamersClub #2,2017-04-05,2760
online,LOG Cup #1 2017,2017-02-11,2670
online,CIS Minor Closed Qualifier - PGL Major Krakow 2017,2017-05-19,2849
online,EPICENTER: Moscow CIS Closed Qualifier,2016-10-05,2397
online,ESEA Premier Season 23 North America,2016-12-02,2578
other,PGL National Division Season 1 Finals,2016-04-16,2218
online,WESG 2016 South America,2016-10-04,2488
regional-lan,ESL Australia &amp; NZ Championship Season 1 Finals,2016-07-24,2310
online,iBUYPOWER Invitational Spring 2017,2017-04-03,2761
online,iGame.com Winter Invitational,2017-02-10,2671
online,Asia Minor China Qualifier - PGL Major Krakow 2017,2017-05-14,2850
local-lan,eXTREMESLAND China Finals,2016-08-31,2398
online,Rising Stars SEA Promotional Cup,2016-04-23,2219
local-lan,League of Sharks CS:GO Championship,2016-10-15,2489
online,Mega8 Autumn Cup 2017,2017-04-02,2762
intl-lan,World Championship 2016,2016-10-09,2311
online,Stream.me Gauntlet: CIS vs EU #5,2017-05-16,2851
online,ELEAGUE Season 2 Europe Open Qualifier #1,2016-09-03,2399
online,ESEA Premier Season 23 Oceania,2016-11-22,2580
online,ESEA Premier Season 24 Europe,2017-04-17,2672
online,QuickShot Arena #25,2016-10-07,2490
other,Liga PRO GamersClub - JUN/16,2016-07-14,2312
online,99Damage League Season 5,2017-05-14,2852
online,ELEAGUE Season 2 Europe Open Qualifier #2,2016-09-04,2400
online,ESEA Open Season 23 Asia,2016-11-24,2581
online,StarLadder Regional Minor Championship CIS #2 Closed Qualifier,2016-04-20,2221
regional-lan,NEO CUP 2016,2016-10-08,2491
online,iBUYPOWER Invitational Summer 2016,2016-07-18,2313
local-lan,ROG COOL League Season 1 LAN Finals,2017-04-01,2764
online,ESEA Premier Season 24 North America,2017-04-10,2673
online,ELEAGUE Season 2 Europe Open Qualifier #3,2016-09-06,2401
online,QuickShot Arena #30,2016-11-18,2582
online,PGL KeSPA Minor Oceania Qualifier,2016-04-21,2222
online,GameOn 2016 CS:GO Cup Qualifier,2016-10-09,2492
local-lan,Acer CyberGamer Premier League Autumn 2017 Finals,2017-04-08,2765
intl-lan,ASUS ROG Summer 2016,2016-08-06,2314
online,DolphinCS Shoot &apos;Em Up 3,2017-05-24,2854
online,ESEA Open Season 23 South Africa,2016-11-23,2583
online,ELEAGUE Season 2 Europe Closed Qualifier,2016-09-09,2402
online,ESL Australia &amp; NZ Championship Season 3,2017-04-13,2674
regional-lan,MLG Regional Minor Championship Americas,2016-05-22,2223
other,WESG 2016 Malaysia &amp; Indonesia,2016-10-06,2493
online,WCA 2017 China Qualifier,2017-05-10,2766
online,GG Masters,2016-09-02,2315
online,ESEA Open Season 23 Brazil,2016-11-24,2584
regional-lan,StarLadder Minor CIS - Cologne 2016,2016-05-01,2224
online,ELEAGUE Season 2 North America Open Qualifier #1,2016-09-11,2403
intl-lan,Copenhagen Games 2017 BYOC Qualifier,2017-04-14,2675
online,ECS Season 2 North America,2016-11-24,2494
online,AOC CyberGamer Premier League Winter 2017,2017-05-25,2856
online,Stream.me Gauntlet: CIS vs EU #3,2017-04-10,2767
regional-lan,StarLadder Female Stars Championship,2016-07-17,2316
online,ELEAGUE Season 2 North America Open Qualifier #2,2016-09-12,2404
local-lan,xfunction Champions Series 2016,2016-11-19,2585
online,ESL Australia &amp; NZ Championship Season 3 Closed Qualifier,2017-02-19,2676
local-lan,Yoggi Yalla Cup 2017 - Inferno Online Qualifier,2017-05-14,2857
online,ECS Season 2 Europe,2016-11-27,2495
online,Arab Gaming Championship,2017-04-08,2768
local-lan,GamePub 2016,2016-07-17,2317
online,Rising Stars South America Promotional Cup,2016-04-26,2226
other,DreamHack Masters Las Vegas 2017 India &amp; Middle East Qualifier,2016-11-19,2586
local-lan,F5 BIG LAN CUP,2017-02-05,2677
local-lan,Varle.lt Lithuanian eSports League 2017 Finals,2017-05-20,2858
local-lan,ESWC 2016 Poland,2016-10-09,2496
online,Operation: Kinguin #4,2017-04-05,2769
online,SL i-League S2 China Qualifier,2016-07-31,2318
other,DreamHack Masters Las Vegas 2017 Oceania Qualifier,2016-11-20,2587
local-lan,Pro Gamers League 2016 Spring,2016-04-24,2227
local-lan,Esports Arena Showdown III,2017-02-05,2678
local-lan,Cougar CS:GO Tournament LAN Final,2017-05-18,2859
regional-lan,PGL Regional Minor Championship Asia - ELEAGUE Major 2017,2016-10-30,2497
online,Yoggi Yalla Cup 2017 - Qualifier 2,2017-04-03,2770
intl-lan,Pro Gamer League 2016 Summer Finals,2016-07-24,2319
other,DreamHack Masters Las Vegas 2017 East Asia Qualifier,2016-11-27,2588
online,DreamHack Regional Minor Championship Europe Open Qualifier #1,2016-04-23,2228
regional-lan,Esports Arena Showdown Championship ,2017-05-08,2679
online,ROG MASTERS 2016 Rest of Asia Qualifier,2016-10-08,2498
online,Dust2.dk eOddset Masters #8,2017-04-06,2771
online,DreamHack Masters Las Vegas 2017 Asia Closed Qualifier,2016-12-04,2589
regional-lan,CyberGamer Oceania eSports Masters Finals,2016-08-21,2320
online,DreamHack Regional Minor Championship Europe Closed Qualifier #1,2016-04-24,2229
local-lan,Esports Arena Showdown IV,2017-03-12,2680
online,ESL One Cologne 2017 - China Open Qualifier,2017-05-25,2861
online,iGame.com Nordic Invitational,2016-10-19,2499
local-lan,ESL Meisterschaft Spring 2017 Finals,2017-05-06,2772
other,DreamHack Masters Las Vegas 2017 South East Asia Qualifier,2016-11-27,2590
online,WCA 2016 EU Closed Qualifier,2016-07-27,2321
online,MLG Regional Minor South America Qualifier,2016-04-27,2230
local-lan,Esports Arena Showdown V,2017-04-02,2681
other,GG Cup Finals Barcelona Games World,2016-10-09,2500
online,DreamHack Open Summer 2017 Europe Open Qualifier,2017-05-20,2862
other,DreamHack Masters Las Vegas 2017 China Qualifier,2016-11-27,2591
online,ESEA Open Season 24 Latin America,2017-04-27,2773
online,Rising Stars Africa Promotional Cup,2016-04-30,2231
other,King of Adria,2016-08-31,2322
online,Liga PRO GamersClub - JAN/17,2017-02-10,2682
local-lan,GameOn 2016,2016-10-30,2501
online,DreamHack Open Summer 2017 Europe Closed Qualifier,2017-05-22,2863
online,UK Masters Season 2,2016-12-04,2592
local-lan,Playing Ducks HomeMasters 2,2017-05-20,2774
regional-lan,eSports Festival 2016,2016-08-21,2323
online,Operation: Kinguin #3,2016-07-31,2232
intl-lan,SL i-League StarSeries Season 3 Finals,2017-04-09,2683
online,DreamHack Open Summer 2017 North America Open Qualifier,2017-05-21,2864
other,WESG 2016 Singapore,2016-10-10,2502
local-lan,UK Masters Season 2 Finals,2016-12-10,2593
online,CyberGamer Intermediate Season 10 Finals,2017-04-10,2775
local-lan,Power-LAN 2016,2016-08-27,2324
other,BenQ All-Star Showmatch #8,2016-04-27,2233
online,DreamHack Open Summer 2017 North America Closed Qualifier,2017-05-22,2865
other,ESWC 2016 China Qualifier,2016-10-12,2503
other,Tuddinn Winter 2016 LAN Finals,2016-11-19,2594
local-lan,Israel GAMEIN Championship,2017-04-06,2776
intl-lan,SL i-League StarSeries Season 2 Finals,2016-09-11,2325
online,DreamHack Regional Minor Championship Europe Open Qualifier #2,2016-04-30,2234
online,Binary Dragons Cup 3,2017-02-15,2685
regional-lan,PGL Regional Minor Championship Europe - ELEAGUE Major 2017,2016-11-06,2504
local-lan,Crownstudent CS:GO Challenge,2016-11-20,2595
online,Stream.me Gauntlet EU #1,2016-08-16,2326
online,DreamHack Regional Minor Championship Europe Closed Qualifier #2,2016-05-01,2235
other,PGL eGG Minor SEA Qualifier,2016-10-14,2505
other,King of Nordic Season 6,2017-04-28,2686
online,Global Offensive Champions League Season 5,2016-12-13,2596
online,GeForce Cup 2017 Closed Qualifier,2017-05-17,2778
other,GSL Baltics Samsung Open by Gameshow,2016-07-23,2327
other,TIGER MASTERS Mid-season Finals,2016-05-01,2236
online,Telenor League Spring 2017,2017-05-20,2868
other,PGL eGG Minor East Asia Qualifier,2016-10-14,2506
other,AnyKey Invitational 2016,2016-11-20,2597
online,ESL Major League Spring 2017,2017-05-01,2779
online,SL i-League Season 3 Europe Qualifier,2017-03-22,2687
local-lan,MSI GOEXANIMO #2,2017-05-21,2869
online,QuickShot Arena #26,2016-10-14,2507
intl-lan,ESU Razer CS:GO Ladies Tournament 2016,2016-11-25,2598
online,LootBet Cup #1,2017-05-08,2780
online,xfunction Challenge,2016-06-24,2238
online,SL i-League Season 3 North America Qualifier,2017-03-22,2688
online,SL i-League S2 Europe Qualifier,2016-08-22,2329
regional-lan,GAMERZ Season 1: Nordic Edition,2017-05-21,2870
intl-lan,WCA World Contest Championship,2016-10-19,2508
online,Headshot Cup #1,2017-04-25,2781
intl-lan,WCA 2016 Finals,2016-12-11,2599
intl-lan,ESL One New York 2016,2016-10-03,2239
other,Pasino Gaming Days 2017 by LanEx,2017-02-12,2689
local-lan,ESWC 2016 South African Qualifier,2016-07-31,2330
online,Farmskins Championship #1 Closed Qualifier,2017-05-25,2871
other,WESG 2016 Thailand,2016-10-12,2509
online,ESEA Main Season 24 Europe,2017-04-24,2782
online,QuickShot Arena #31,2016-11-25,2600
regional-lan,WCA Season 1 APAC Finals,2016-05-20,2240
online,ECS Season 3 EU Development League Open Qualifier #1,2017-02-19,2690
online,World Championships 2016 North American Qualifier,2016-07-28,2331
online,ELEAGUE Season 2 North America Open Qualifier #3,2016-09-13,2405
online,Farmskins Championship #1,2017-05-26,2872
local-lan,Brasil Game Cup Rio 2017,2017-04-10,2783
regional-lan,ESL South East Europe Championship Season 4 Finals,2016-11-26,2601
other,King of Nordic Season 4,2016-09-09,2241
online,ECS Season 3 EU Development League Open Qualifier #2,2017-02-26,2691
other,StarPrime CyborWars 2016,2016-07-27,2332
online,ELEAGUE Season 2 North America Closed Qualifier,2016-09-16,2406
local-lan,ESL Meisterschaft Winter 2016 Finals,2016-11-26,2511
online,SP Gaming Tournament #1,2016-12-05,2602
online,Yoggi Yalla Cup 2017 - Qualifier 3,2017-04-10,2784
online,Liga PRO GamersClub - APR/16,2016-05-10,2242
online,ECS Season 3 NA Development League Open Qualifier #1,2017-02-20,2692
other,UnderDogs #4,2016-07-26,2333
intl-lan,ELEAGUE Season 2,2016-12-04,2407
online,WESG 2016 Brazil,2016-10-13,2512
online,Stream.me Gauntlet: CIS vs EU #6,2017-05-26,2874
regional-lan,DreamHack ZOWIE Open Winter 2016 BYOC,2016-11-27,2603
online,Asia Minor Middle East Qualifier - PGL Major Krakow 2017,2017-04-23,2785
local-lan,ESL Meisterschaft Spring 2016 Finals,2016-05-08,2243
online,ECS Season 3 NA Development League Open Qualifier #2,2017-02-27,2693
online,WESG 2016 Denmark,2016-09-23,2334
local-lan,Evetech Champions League 2016,2016-09-04,2408
online,Yoggi Yalla Cup 2017 - Qualifier 7,2017-05-23,2875
online,PGL eGG Minor China Qualifier,2016-10-16,2513
other,ESEA Open Season 23 Oceania,2016-12-05,2604
other,Game Ninja 2016,2016-05-07,2244
online,Stream.me Gauntlet: CIS vs EU,2017-02-24,2694
online,Betway Invitational,2016-08-11,2335
online,Liga PRO GamersClub - SET/16,2016-10-14,2514
local-lan,WESG 2016 China Finals,2016-10-03,2409
local-lan,XLG UOL Super Cup,2016-12-04,2605
other,Telenor League Spring 2016,2016-05-08,2245
online,Asia Minor East Asia Qualifier - PGL Major Krakow 2017,2017-04-23,2786
local-lan,epic20,2017-02-19,2695
local-lan,GTL Tecnofields 2016,2016-08-14,2336
online,Liga PRO Alienware GamersClub #4,2017-05-26,2877
other,WESG 2016 Japan,2016-10-14,2515
intl-lan,EPICENTER: Moscow,2016-10-23,2410
other,BirdieLAN 26,2016-05-08,2246
online,ZEN Esports Network Last Chance Qualifier,2017-02-24,2696
online,Asia Minor SEA and India Qualifier - PGL Major Krakow 2017,2017-04-28,2787
regional-lan,SL i-League S2 China Finals,2016-08-07,2337
online,Dust2.dk eOddset Masters #10,2017-05-25,2878
online,ROG MASTERS 2016 China Qualifier,2016-10-16,2516
online,AdriaMasters by PVPRO.com Online Qualifier,2016-12-04,2607
intl-lan,eXTREMESLAND Asia Finals 2016,2016-09-25,2411
online,Asia Minor Oceania Qualifier - PGL Major Krakow 2017,2017-04-30,2788
online,MLG Regional Minor North America Qualifier,2016-05-09,2247
local-lan,2016 D-Fire Lan Final,2016-08-15,2338
online,PGL eGG Minor Oceania Qualifier,2016-10-16,2517
online,eSportsArcadeTV Cup,2016-12-09,2608
online,ESL One New York 2016 Europe Qualifier,2016-09-04,2412
online,Dust2.dk eOddset Masters #7,2017-02-25,2698
online,ESEA Main Season 24 North America,2017-04-24,2789
intl-lan,ECS Season 1 Finals,2016-06-26,2248
local-lan,ESL Brazil Premier League #1,2016-08-01,2339
local-lan,Ownit CS:GO Challenge,2016-10-15,2518
online,STARRYGAME CIS,2017-01-11,2609
online,ESL One New York 2016 North America Qualifier,2016-09-28,2413
local-lan,PC Garage Clutch Masters by Steelseries,2016-05-14,2249
online,ESL One Cologne 2017 - Europe Qualifier 1,2017-04-24,2790
online,BeyondGodlike CS:GO SEA Pro League,2017-05-15,2699
intl-lan,ESWC 2016,2016-10-30,2340
local-lan,AlienTech CS:GO League Season II Finals,2016-12-10,2610
other,Milan Games Week CSGO Final by Personal Gamer,2016-10-16,2519
online,CyberGamer Intermediate Season 8 Finals,2016-09-01,2414
other,CS:GO Danmark League #1,2016-05-15,2250
online,ESL One Cologne 2017 - Europe Qualifier 2,2017-04-29,2791
online,World Championships 2016 African Qualifier,2016-08-06,2341
online,European Master Series 1,2017-04-03,2700
online,Infinite Challenge Cup Weekly #1,2017-05-26,2882
local-lan,PLAYzone League II LAN Finals,2016-10-16,2520
local-lan,LVP Season 11 Division de Honor Finals,2016-12-18,2611
other,HyperX Cup Finals,2016-05-15,2251
local-lan,Esports Tunisian Cup 2016,2016-09-04,2415
online,ESL One Cologne 2017 - Europe Closed Qualifier,2017-05-21,2792
online,Global Offensive Champions League Season 6,2017-05-26,2883
other,ENTiTY Winter LAN 2017,2017-02-26,2701
online,PGL eGG Minor India &amp; Middle-East Qualifier,2016-10-16,2521
regional-lan,AdriaMasters by PVPRO.com Finals,2016-12-11,2612
local-lan,PGL National Division Season 2 Finals,2016-09-03,2416
online,Razer Rising Stars South American League Season 1,2016-06-17,2252
online,ESL One Cologne 2017 - North America Qualifier 1,2017-04-23,2793
local-lan,ESL Meisterschaft Summer 2016 Finals,2016-08-20,2343
online,ECS Season 3 EU Development League,2017-03-17,2702
online,DreamHack ZOWIE Open Winter 2016 Open Qualifier,2016-10-15,2522
intl-lan,China Top 2016,2016-12-18,2613
local-lan,WCA Season 2 China Finals,2016-09-03,2417
other,UnderDogs #3,2016-06-21,2253
online,ESL One Cologne 2017 - North America Qualifier 2,2017-04-30,2794
online,E-Sports Festival CS:GO Tournament Closed Qualifier,2016-08-13,2344
online,ECS Season 3 NA Development League,2017-03-18,2703
local-lan,IGL Summer Lan Final,2016-10-16,2523
other,ESL India Premiership 2016 Masters,2016-12-11,2614
online,Argentina Game Show 2016,2016-09-17,2418
regional-lan,Adrenaline Cyber League Finals,2016-10-02,2345
online,Razer Rising Stars European League Season 1,2017-03-16,2254
online,Mettlestate Exhibition Match,2017-03-01,2704
online,DreamHack ZOWIE Open Winter 2016 Closed Qualifier,2016-11-01,2524
online,CyberGamer Intermediate Season 9 Finals,2016-12-11,2615
online,ECS Season 2 EU Development League,2016-10-03,2419
online,99Damage League Season 3,2016-09-04,2346
online,ESL One Cologne 2017 - North America Closed Qualifier,2017-05-21,2795
local-lan,Mettlestate Galaxy CS:GO Championship 2017,2017-05-07,2705
online,RGN Pro Series II EU Closed Qualifier,2016-08-01,2255
online,BREKAN LatAm North League #1,2016-12-12,2616
online,WESG 2016 Korea,2016-10-16,2525
online,ECS Season 2 NA Development League,2016-09-28,2420
other,ESWC 2016 Portugal,2016-10-02,2347
online,ESL Pro League Season 5 Europe Relegation,2017-05-18,2796
local-lan,WCA Season 1 China Finals,2016-05-18,2256
local-lan,LanTrek 2017,2017-03-04,2706
online,99Damage League Season 4,2016-12-14,2617
online,PGL Regional Minor Championship Europe - ELEAGUE Major 2017 - Qualifier 1,2016-10-19,2526
local-lan,Argentina Game Show 2016 Finals,2016-09-25,2421
online,ESL Pro League Season 5 North America Relegation,2017-05-19,2797
online,Adrenaline Cyber League,2016-09-13,2348
other,Fragadelphia 8,2016-05-23,2257
local-lan,Epsilan 14,2017-03-05,2707
local-lan,ESL National Championship France Winter 2016,2016-12-11,2618
online,PGL Regional Minor Championship Europe - ELEAGUE Major 2017 - Qualifier 2,2016-10-21,2527
online,QuickShot Arena #21,2016-09-09,2422
local-lan,ESL Polish Championship 2017,2017-04-30,2798
intl-lan,ESL One Cologne 2016 Main Qualifier,2016-06-13,2258
online,LOG Cup #2 2017,2017-03-20,2708
online,World Championships 2016 European Qualifier,2016-09-27,2349
online,DreamHack Masters Las Vegas 2017 Europe Open Qualifier,2016-12-10,2619
online,WCA 2016 China Qualifier 3,2016-11-11,2528
regional-lan,ROG MASTERS Asia 2016,2016-11-13,2423
online,German Clash Season 1 Finals,2017-04-16,2799
other,PLAYzone League I LAN Finals,2016-05-21,2259
online, WPGI Womens Esports League,2017-03-10,2709
intl-lan,ESEA Season 22 Global Challenge,2016-08-28,2350
local-lan,interLAN Vol. 6,2016-12-11,2620
online,Dust2.dk eOddset #3,2016-10-23,2529
other,EB Expo Sydney 2016 Qualifier #1,2016-09-10,2424
local-lan,Danish Championship 2017,2017-04-13,2800
other,Tuddinn Spring 2016 LAN Finals,2016-05-21,2260
online,Binary Dragons Cup 4,2017-03-16,2710
local-lan,Game Smash Uruguay 2016,2016-12-11,2621
local-lan,Serbian First League S1 LAN Finals,2016-09-04,2351
other,EB Expo Sydney 2016 Qualifier #2,2016-09-10,2425
intl-lan,IEM Oakland 2016,2016-11-21,2261
online,ESEA Premier Season 22 North America,2016-08-15,2352
online,Liga PRO GamersClub - NOV/16,2016-12-17,2622
other,Call of the North Northern Arena Montreal Qualifier,2016-10-24,2531
online,Razer Rising Stars South-East Asian League,2017-04-21,2711
other,EB Expo Sydney 2016 Qualifier #3,2016-09-11,2426
regional-lan,ESL Australia &amp; NZ Championship Season 3 Finals,2017-05-21,2802
online,Dust2.dk Masters #1,2016-12-18,2623
online,ESEA Premier Season 22 Europe,2016-08-17,2353
intl-lan,ZOTAC World Cup,2016-10-25,2532
online,Liga PRO Alienware GamersClub #1,2017-03-10,2712
online,BlasterX INETKOX League Season 1,2016-09-08,2262
other,EB Expo Sydney 2016 Qualifier #4,2016-09-11,2427
online,SLTV ProSeries XVII,2017-04-20,2803
local-lan,RoG Finals 11,2016-12-18,2624
online,BalkanTube Fest,2016-10-02,2354
intl-lan,IEM Sydney 2017,2017-05-07,2713
online,fpsGOD Super League #Winter,2016-12-02,2533
online,H-Cup Season 1,2016-05-28,2263
online,ROG MASTERS 2016 Oceania Qualifier,2016-09-10,2428
local-lan,TTU e-Sport Spring 2017,2017-04-16,2804
online,ZEN League Open Qualifier,2016-12-17,2625
local-lan,Peliliiga eSM 2016,2016-08-05,2355
online,SP Gaming Tournament #2,2017-03-21,2714
intl-lan,ESWC 2016 Female,2016-10-31,2534
online,ESL Pro League Season 3 Relegation,2016-05-26,2264
other,Fragadelphia 9,2016-09-12,2429
online,5K Maximum Level Season 1,2017-04-21,2805
local-lan,ESL Major Winter 2016 Spain,2016-12-21,2626
regional-lan,WESG 2016 Africa &amp; Middle East Regional Finals,2016-08-28,2356
regional-lan,StarLadder Regional Minor Championship CIS - ELEAGUE Major 2017,2016-11-13,2535
other,XLG CS:GO Season 1,2016-07-02,2265
online,Yoggi Yalla Cup 2017 - Qualifier 4,2017-04-17,2806
other,Gauntlet: Fight for the Crown,2016-12-02,2430
online,CyberPowerPC Summer 2016 Pro Series,2016-08-29,2357
other,ZEN Esports Network Offline Qualifier,2017-01-14,2627
other,GeForce CUP at ESPORT NOW 2016,2016-05-29,2266
online,CyberGamer Pro League Season 9,2016-12-10,2536
intl-lan,4Gamers CS:GO Masters,2017-05-07,2807
intl-lan,Predator Masters 3,2016-11-06,2431
online,ECS Season 2 EU Development League Open Qualifier #1,2016-08-07,2358
online,eSportsArcadeTV Cup #2,2017-03-11,2717
local-lan,InfoShow Lan Party 2017,2017-04-22,2808
online,QuickShot Arena #27,2016-10-29,2537
online,ESEA Open Season 22 Asia,2016-08-18,2359
online,Mr. Cat Masters Asian,2016-11-07,2432
online,Hellcase Cup 1,2016-12-29,2629
regional-lan,Let&apos;s Play Spring,2017-03-12,2718
other,AlienTech CS:GO Invitational II,2016-05-29,2268
online,BETSCSGO CUP #1,2017-05-04,2809
intl-lan,ESEA Season 23 Global Challenge,2017-01-09,2538
local-lan,ROG CS:GO Hong Kong Tournament,2016-08-13,2360
online,HLTV Xmas Cup 2016,2016-12-22,2630
online,Stream.me Gauntlet: CIS vs EU #2,2017-03-18,2719
online,Global Offensive Champions League Season 4,2016-08-30,2269
online,Dust2.dk eOddset Masters #9 IWDK Edition,2017-04-21,2810
online,Copa GO4Gold #1,2016-11-22,2539
online,ESEA Open Season 22 Brazil,2016-08-19,2361
local-lan,VSL Season 2,2016-11-17,2434
other,The Masters 2017 -  Amateurs,2016-12-27,2631
online,DreamHack ZOWIE Open Summer 2016 Open Qualifier #1 ,2016-05-28,2270
local-lan,ESL Brazil Premier League #2 Finals,2016-10-29,2540
other,Liga PRO GamersClub - JUL/16,2016-08-12,2362
intl-lan,Gfinity CS:GO Invitational 2016,2016-09-25,2435
other,China-Korea e-Sports Competition,2016-12-25,2632
online,DreamHack ZOWIE Open Summer 2016 Closed Qualifier #1 ,2016-05-30,2271
online,Hellcase Cup 4 Closed Qualifier,2017-04-30,2812
intl-lan,DreamHack Masters Las Vegas 2017,2017-02-20,2541
online,QuickShot Arena #22,2016-09-20,2436
online,DreamHack Masters Las Vegas 2017 Europe Closed Qualifier,2017-01-18,2633
other,ESL South East Europe Championship Season 3 Finals,2016-05-29,2272
online,Hellcase Cup 4,2017-05-22,2813
online,StarLadder Regional Minor Championship CIS - ELEAGUE Major 2017 - Open Qualifier,2016-10-28,2542
online,SL i-League S2 Americas Qualifier,2016-08-23,2364
online,WESG 2016 South East Europe,2016-09-15,2437
regional-lan,ESEA Premier Season 23 Europe Finals,2017-01-05,2634
other,CyberPowerPC Summer 2016 Qualifier #1,2016-05-30,2273
online,Stream.me Gauntlet: CIS vs EU #4,2017-04-22,2814
other,King of Nordic Season 5,2017-01-20,2543
online,WESG 2016 Iberia,2016-09-16,2438
online,ESEA Open Season 22 South Africa,2016-08-17,2365
other,MSI Baltic Pro League Season 1,2016-06-04,2274
online,CS:GO Super League 2017 - Spring Season,2017-05-18,2815
online,StarLadder Regional Minor Championship CIS - ELEAGUE Major 2017 - Closed Qualifier,2016-11-02,2544
online,King of the King,2016-09-24,2439
online,Over The Limits Cup #1,2017-04-28,2816
other,ROG MASTERS 2016 Last Chance Qualifier,2016-10-30,2545
online,ECS Season 3 EU Promotion,2017-03-27,2726
online,WESG 2016 Norway,2016-09-20,2440
intl-lan,IEM Katowice 2017,2017-03-05,2637
online,ECS Season 3 NA Promotion,2017-03-26,2727
online,iBUYPOWER Invitational Fall 2016,2016-09-19,2441
online,VitalBet Balkan Pro League,2016-11-24,2546
online,ESL Pro League Season 5 Europe,2017-05-12,2638
online,Europe Minor Qualifier 1 - PGL Major Krakow 2017,2017-04-29,2818
online,ROG MASTERS 2016 East Asia Qualifier ,2016-09-17,2442
online,ECS Season 3 Europe,2017-05-26,2728
regional-lan,VitalBet Balkan Pro League Finals,2016-12-04,2547
online,WESG 2016 Sweden,2016-09-18,2443
online,Europe Minor Qualifier 2 - PGL Major Krakow 2017,2017-05-06,2819
online,ECS Season 3 North America,2017-05-26,2729
online,Europe Minor Qualifier 3 - PGL Major Krakow 2017,2017-05-10,2820
online,Dust2.dk eOddset #2,2016-09-18,2444
online,WESG 2016 France &amp; Monaco,2016-09-20,2445
online,WESG 2016 Central Asia,2016-09-20,2446
local-lan,Tengillinn LAN 2-2016,2016-11-05,2447
online,WESG 2016 Adriatica,2016-09-21,2448
online,WESG 2016 Poland,2016-09-23,2449
online,WCA WCC Russia Qualifier,2016-09-28,2450
online,QuickShot Arena #23,2016-09-23,2451
regional-lan,WESG 2016 North &amp; South Americas Regional Finals,2016-10-24,2452
regional-lan,WESG 2016 Asia-Pacific Regional Finals,2016-11-13,2453
intl-lan,iBUYPOWER Masters 2016,2016-11-14,2454
online,WESG 2016 South Asia,2016-09-22,2455
online,ROG MASTERS 2016 Southeast Asia Qualifier,2016-09-24,2456
