online,Global Offensive Champions League Season 6,5/26/17,2883
online,Infinite Challenge Cup Weekly #1,5/26/17,2882
online,Dust2.dk eOddset Masters #10,5/25/17,2878
online,Liga PRO Alienware GamersClub #4,5/26/17,2877
online,Yoggi Yalla Cup 2017 - Qualifier 7,5/23/17,2875
online,Stream.me Gauntlet: CIS vs EU #6,5/26/17,2874
online,Farmskins Championship #1,5/26/17,2872
online,Farmskins Championship #1 Closed Qualifier,5/25/17,2871
regional-lan,GAMERZ Season 1: Nordic Edition,5/21/17,2870
local-lan,MSI GOEXANIMO #2,5/21/17,2869
online,Telenor League Spring 2017,5/20/17,2868
online,DreamHack Open Summer 2017 North America Closed Qualifier,5/22/17,2865
online,DreamHack Open Summer 2017 North America Open Qualifier,5/21/17,2864
online,DreamHack Open Summer 2017 Europe Closed Qualifier,5/22/17,2863
online,DreamHack Open Summer 2017 Europe Open Qualifier,5/20/17,2862
online,ESL One Cologne 2017 - China Open Qualifier,5/25/17,2861
local-lan,Cougar CS:GO Tournament LAN Final,5/18/17,2859
local-lan,Varle.lt Lithuanian eSports League 2017 Finals,5/20/17,2858
local-lan,Yoggi Yalla Cup 2017 - Inferno Online Qualifier,5/14/17,2857
online,AOC CyberGamer Premier League Winter 2017,5/25/17,2856
online,DolphinCS Shoot 'Em Up 3,5/24/17,2854
online,99Damage League Season 5,5/14/17,2852
online,Stream.me Gauntlet: CIS vs EU #5,5/16/17,2851
online,Asia Minor China Qualifier - PGL Major Krakow 2017,5/14/17,2850
online,CIS Minor Closed Qualifier - PGL Major Krakow 2017,5/19/17,2849
online,CIS Minor Qualifier - PGL Major Krakow 2017,5/14/17,2848
online,King of Nordic Season 7,5/26/17,2846
local-lan,PC-COOLERS LEAGUE CS:GO,5/7/17,2845
online,Subaru Invitational 2017,5/15/17,2844
online,ESL South East Europe Championship Season 5,5/25/17,2843
online,CEVO Main Season 12 Europe,5/24/17,2842
online,CEVO Main Season 12 North America,5/26/17,2841
online,UnderDogs #5,5/10/17,2840
local-lan,Tiger Masters Season 3 Qualification #1,4/30/17,2839
online,Playing Ducks HomeMasters 2 Qualifier,5/10/17,2837
online,Binary Dragons csgopolygon Cup 6,5/24/17,2835
online,The Adria Masters Season 1,5/19/17,2833
online,Liga PRO Alienware GamersClub #3,5/5/17,2831
online,ArcaneBet Balkan ProLeague Season 2,5/23/17,2830
online,Yoggi Yalla Cup 2017 - Qualifier 5,4/24/17,2829
online,Americas Minor North America Closed Qualifier - PGL Major Krakow 2017,5/14/17,2828
online,Americas Minor North America Qualifier - PGL Major Krakow 2017,5/7/17,2827
online,Americas Minor South America Qualifier - PGL Major Krakow 2017,4/30/17,2826
online,Douyu CS:GO Asia Invitational,4/28/17,2825
local-lan,Dust2.dk eOddset Masters #9 Finals,4/23/17,2824
local-lan,Minho Electronic Esports Cup,4/23/17,2823
online,Europe Minor Closed Qualifier - PGL Major Krakow 2017,5/19/17,2822
online,Europe Minor Qualifier 4 - PGL Major Krakow 2017,5/16/17,2821
online,Europe Minor Qualifier 3 - PGL Major Krakow 2017,5/10/17,2820
online,Europe Minor Qualifier 2 - PGL Major Krakow 2017,5/6/17,2819
online,Europe Minor Qualifier 1 - PGL Major Krakow 2017,4/29/17,2818
online,Over The Limits Cup #1,4/28/17,2816
online,CS:GO Super League 2017 - Spring Season,5/18/17,2815
online,Stream.me Gauntlet: CIS vs EU #4,4/22/17,2814
online,Hellcase Cup 4,5/22/17,2813
online,Hellcase Cup 4 Closed Qualifier,4/30/17,2812
online,Dust2.dk eOddset Masters #9 IWDK Edition,4/21/17,2810
online,BETSCSGO CUP #1,5/4/17,2809
local-lan,InfoShow Lan Party 2017,4/22/17,2808
intl-lan,4Gamers CS:GO Masters,5/7/17,2807
online,Yoggi Yalla Cup 2017 - Qualifier 4,4/17/17,2806
online,5K Maximum Level Season 1,4/21/17,2805
local-lan,TTU e-Sport Spring 2017,4/16/17,2804
online,SLTV ProSeries XVII,4/20/17,2803
regional-lan,ESL Australia & NZ Championship Season 3 Finals,5/21/17,2802
local-lan,Danish Championship 2017,4/13/17,2800
online,German Clash Season 1 Finals,4/16/17,2799
local-lan,ESL Polish Championship 2017,4/30/17,2798
online,ESL Pro League Season 5 North America Relegation,5/19/17,2797
online,ESL Pro League Season 5 Europe Relegation,5/18/17,2796
online,ESL One Cologne 2017 - North America Closed Qualifier,5/21/17,2795
online,ESL One Cologne 2017 - North America Qualifier 2,4/30/17,2794
online,ESL One Cologne 2017 - North America Qualifier 1,4/23/17,2793
online,ESL One Cologne 2017 - Europe Closed Qualifier,5/21/17,2792
online,ESL One Cologne 2017 - Europe Qualifier 2,4/29/17,2791
online,ESL One Cologne 2017 - Europe Qualifier 1,4/24/17,2790
online,ESEA Main Season 24 North America,4/24/17,2789
online,Asia Minor Oceania Qualifier - PGL Major Krakow 2017,4/30/17,2788
online,Asia Minor SEA and India Qualifier - PGL Major Krakow 2017,4/28/17,2787
online,Asia Minor East Asia Qualifier - PGL Major Krakow 2017,4/23/17,2786
online,Asia Minor Middle East Qualifier - PGL Major Krakow 2017,4/23/17,2785
online,Yoggi Yalla Cup 2017 - Qualifier 3,4/10/17,2784
local-lan,Brasil Game Cup Rio 2017,4/10/17,2783
online,ESEA Main Season 24 Europe,4/24/17,2782
online,Headshot Cup #1,4/25/17,2781
online,LootBet Cup #1,5/8/17,2780
online,ESL Major League Spring 2017,5/1/17,2779
online,GeForce Cup 2017 Closed Qualifier,5/17/17,2778
local-lan,Israel GAMEIN Championship,4/6/17,2776
online,CyberGamer Intermediate Season 10 Finals,4/10/17,2775
local-lan,Playing Ducks HomeMasters 2,5/20/17,2774
online,ESEA Open Season 24 Latin America,4/27/17,2773
local-lan,ESL Meisterschaft Spring 2017 Finals,5/6/17,2772
online,Dust2.dk eOddset Masters #8,4/6/17,2771
online,Yoggi Yalla Cup 2017 - Qualifier 2,4/3/17,2770
online,Operation: Kinguin #4,4/5/17,2769
online,Arab Gaming Championship,4/8/17,2768
online,Stream.me Gauntlet: CIS vs EU #3,4/10/17,2767
online,WCA 2017 China Qualifier,5/10/17,2766
local-lan,Acer CyberGamer Premier League Autumn 2017 Finals,4/8/17,2765
local-lan,ROG COOL League Season 1 LAN Finals,4/1/17,2764
online,Mega8 Autumn Cup 2017,4/2/17,2762
online,iBUYPOWER Invitational Spring 2017,4/3/17,2761
online,Liga PRO Alienware GamersClub #2,4/5/17,2760
local-lan,UK Masters Spring 2017 Finals,4/14/17,2759
online,UK Masters Spring 2017,4/2/17,2758
online,Yoggi Yalla Cup 2017 - Qualifier 1,3/27/17,2756
online,IEM Sydney 2017 ANZ Closed Qualifier,4/10/17,2755
online,IEM Sydney 2017 ANZ Open Qualifier,3/26/17,2754
intl-lan,Copenhagen Games 2017,4/15/17,2753
online,ESEA Open Season 24 Asia-Pacific,4/20/17,2752
online,ESEA Open Season 24 South Africa,4/24/17,2751
online,ESEA Open Season 24 Brazil,4/12/17,2750
intl-lan,ESEA Season 24 Global Challenge - MDL Global Finals,5/14/17,2749
online,ESEA Premier Season 24 Australia,4/12/17,2748
online,IEM Sydney 2017 China and Mongolia Qualifier,3/30/17,2747
online,DreamHack Open Tours 2017 North America Closed Qualifier,4/3/17,2746
online,DreamHack Open Tours 2017 North America Open Qualifier,4/2/17,2745
online,DreamHack Open Tours 2017 Europe Closed Qualifier,4/3/17,2744
online,DreamHack Open Tours 2017 Europe Open Qualifier,4/1/17,2743
intl-lan,Legend Series #1 Finals,4/1/17,2742
online,Legend Series #1,3/24/17,2741
local-lan,FPSThailand x SteelSeries Pro League,3/26/17,2740
local-lan,Serbian First League S2 LAN Finals,4/2/17,2739
online,DreamHack Open Austin 2017 North America Closed Qualifier,3/27/17,2738
online,DreamHack Open Austin 2017 North America Open Qualifier,3/26/17,2737
online,DreamHack Open Austin 2017 Europe Closed Qualifier,3/26/17,2736
online,DreamHack Open Austin 2017 Europe Open Qualifier,3/25/17,2735
local-lan,ESL UK Premiership Spring 2017 Finals,3/18/17,2734
online,Binary Dragons Cup 5,3/23/17,2733
online,Binary Dragons csgopolygon Season 1,4/7/17,2732
online,Hellcase Cup 3,4/3/17,2731
online,Hellcase Cup 3 Closed Qualifier,3/27/17,2730
online,ECS Season 3 North America,5/26/17,2729
online,ECS Season 3 Europe,5/26/17,2728
online,ECS Season 3 NA Promotion,3/26/17,2727
online,ECS Season 3 EU Promotion,3/27/17,2726
online,Stream.me Gauntlet: CIS vs EU #2,3/18/17,2719
regional-lan,Let's Play Spring,3/12/17,2718
online,eSportsArcadeTV Cup #2,3/11/17,2717
online,SP Gaming Tournament #2,3/21/17,2714
intl-lan,IEM Sydney 2017,5/7/17,2713
online,Liga PRO Alienware GamersClub #1,3/10/17,2712
online,Razer Rising Stars South-East Asian League,4/21/17,2711
online,Binary Dragons Cup 4,3/16/17,2710
online, WPGI Womens Esports League,3/10/17,2709
online,LOG Cup #2 2017,3/20/17,2708
local-lan,Epsilan 14,3/5/17,2707
local-lan,LanTrek 2017,3/4/17,2706
local-lan,Mettlestate Galaxy CS:GO Championship 2017,5/7/17,2705
online,Mettlestate Exhibition Match,3/1/17,2704
online,ECS Season 3 NA Development League,3/18/17,2703
online,ECS Season 3 EU Development League,3/17/17,2702
other,ENTiTY Winter LAN 2017,2/26/17,2701
online,European Master Series 1,4/3/17,2700
online,BeyondGodlike CS:GO SEA Pro League,5/15/17,2699
online,Dust2.dk eOddset Masters #7,2/25/17,2698
online,ZEN Esports Network Last Chance Qualifier,2/24/17,2696
local-lan,epic20,2/19/17,2695
online,Stream.me Gauntlet: CIS vs EU,2/24/17,2694
online,ECS Season 3 NA Development League Open Qualifier #2,2/27/17,2693
online,ECS Season 3 NA Development League Open Qualifier #1,2/20/17,2692
online,ECS Season 3 EU Development League Open Qualifier #2,2/26/17,2691
online,ECS Season 3 EU Development League Open Qualifier #1,2/19/17,2690
other,Pasino Gaming Days 2017 by LanEx,2/12/17,2689
online,SL i-League Season 3 North America Qualifier,3/22/17,2688
online,SL i-League Season 3 Europe Qualifier,3/22/17,2687
other,King of Nordic Season 6,4/28/17,2686
online,Binary Dragons Cup 3,2/15/17,2685
intl-lan,SL i-League StarSeries Season 3 Finals,4/9/17,2683
online,Liga PRO GamersClub - JAN/17,2/10/17,2682
local-lan,Esports Arena Showdown V,4/2/17,2681
local-lan,Esports Arena Showdown IV,3/12/17,2680
regional-lan,Esports Arena Showdown Championship ,5/8/17,2679
local-lan,Esports Arena Showdown III,2/5/17,2678
local-lan,F5 BIG LAN CUP,2/5/17,2677
online,ESL Australia & NZ Championship Season 3 Closed Qualifier,2/19/17,2676
intl-lan,Copenhagen Games 2017 BYOC Qualifier,4/14/17,2675
online,ESL Australia & NZ Championship Season 3,4/13/17,2674
online,ESEA Premier Season 24 North America,4/10/17,2673
online,ESEA Premier Season 24 Europe,4/17/17,2672
online,iGame.com Winter Invitational,2/10/17,2671
online,LOG Cup #1 2017,2/11/17,2670
online,ZEN Esports Network East-Asia Qualifier,1/31/17,2669
online,Hellcase Cup 2 Closed Qualifier,2/1/17,2667
online,Dust2.dk Masters #2,1/29/17,2666
online,CEVO Main Season 11 North America,2/5/17,2665
online,CEVO Main Season 11 Europe,2/10/17,2664
intl-lan,Copenhagen Games 2017 Female,4/15/17,2663
intl-lan,Intel Challenge Katowice 2017,3/3/17,2662
online,The Shootout Season 3,1/26/17,2661
online,SL i-League Season 3 China Qualifier,3/2/17,2660
online,Hellcase Cup 2,2/15/17,2659
online,Acer CyberGamer Premier League Autumn 2017,3/20/17,2658
online,IEM Katowice 2017 NA Closed Qualifier,2/5/17,2657
online,IEM Katowice 2017 NA Open Qualifier,1/23/17,2656
online,IEM Katowice 2017 EU Closed Qualifier,2/6/17,2655
online,IEM Katowice 2017 EU Open Qualifier 2,2/3/17,2654
online,IEM Katowice 2017 EU Open Qualifier 1,1/17/17,2653
other,SL i-League S3 China Wild Card Qualifier,1/22/17,2652
local-lan,Tuddinn LAN 1 | 2017,1/16/17,2651
regional-lan,Fragadelphia 10,1/16/17,2650
intl-lan,Assembly Winter 2017,2/4/17,2649
online,DreamHack Masters Las Vegas 2017 North America Closed Qualifier,1/16/17,2648
online,Acer CyberGamer Premier League Autumn 2017 FFYI Qualifier,1/12/17,2647
online,Liga PRO GamersClub - DEC/16,1/14/17,2646
online,Dolphin CS Shoot 'Em Up 2,3/17/17,2645
online,ESL Pro League Season 4 North America Relegation,2/3/17,2644
online,ESL Pro League Season 4 Europe Relegation,1/19/17,2643
intl-lan,ASUS ROG Community Challenge Grand Finals,1/8/17,2642
intl-lan,cs_summit Spring 2017,4/24/17,2641
regional-lan,ESEA Premier Season 23 North America Finals,1/6/17,2640
online,ESL Pro League Season 5 North America,5/12/17,2639
online,ESL Pro League Season 5 Europe,5/12/17,2638
intl-lan,IEM Katowice 2017,3/5/17,2637
regional-lan,ESEA Premier Season 23 Europe Finals,1/5/17,2634
online,DreamHack Masters Las Vegas 2017 Europe Closed Qualifier,1/18/17,2633
other,China-Korea e-Sports Competition,12/25/16,2632
other,The Masters 2017 -  Amateurs,12/27/16,2631
online,HLTV Xmas Cup 2016,12/22/16,2630
online,Hellcase Cup 1,12/29/16,2629
other,ZEN Esports Network Offline Qualifier,1/14/17,2627
local-lan,ESL Major Winter 2016 Spain,12/21/16,2626
online,ZEN League Open Qualifier,12/17/16,2625
local-lan,RoG Finals 11,12/18/16,2624
online,Dust2.dk Masters #1,12/18/16,2623
online,Liga PRO GamersClub - NOV/16,12/17/16,2622
local-lan,Game Smash Uruguay 2016,12/11/16,2621
local-lan,interLAN Vol. 6,12/11/16,2620
online,DreamHack Masters Las Vegas 2017 Europe Open Qualifier,12/10/16,2619
local-lan,ESL National Championship France Winter 2016,12/11/16,2618
online,99Damage League Season 4,12/14/16,2617
online,BREKAN LatAm North League #1,12/12/16,2616
online,CyberGamer Intermediate Season 9 Finals,12/11/16,2615
other,ESL India Premiership 2016 Masters,12/11/16,2614
intl-lan,China Top 2016,12/18/16,2613
regional-lan,AdriaMasters by PVPRO.com Finals,12/11/16,2612
local-lan,LVP Season 11 Division de Honor Finals,12/18/16,2611
local-lan,AlienTech CS:GO League Season II Finals,12/10/16,2610
online,STARRYGAME CIS,1/11/17,2609
online,eSportsArcadeTV Cup,12/9/16,2608
online,AdriaMasters by PVPRO.com Online Qualifier,12/4/16,2607
local-lan,XLG UOL Super Cup,12/4/16,2605
other,ESEA Open Season 23 Oceania,12/5/16,2604
regional-lan,DreamHack ZOWIE Open Winter 2016 BYOC,11/27/16,2603
online,SP Gaming Tournament #1,12/5/16,2602
regional-lan,ESL South East Europe Championship Season 4 Finals,11/26/16,2601
online,QuickShot Arena #31,11/25/16,2600
intl-lan,WCA 2016 Finals,12/11/16,2599
intl-lan,ESU Razer CS:GO Ladies Tournament 2016,11/25/16,2598
other,AnyKey Invitational 2016,11/20/16,2597
online,Global Offensive Champions League Season 5,12/13/16,2596
local-lan,Crownstudent CS:GO Challenge,11/20/16,2595
other,Tuddinn Winter 2016 LAN Finals,11/19/16,2594
local-lan,UK Masters Season 2 Finals,12/10/16,2593
online,UK Masters Season 2,12/4/16,2592
other,DreamHack Masters Las Vegas 2017 China Qualifier,11/27/16,2591
other,DreamHack Masters Las Vegas 2017 South East Asia Qualifier,11/27/16,2590
online,DreamHack Masters Las Vegas 2017 Asia Closed Qualifier,12/4/16,2589
other,DreamHack Masters Las Vegas 2017 East Asia Qualifier,11/27/16,2588
other,DreamHack Masters Las Vegas 2017 Oceania Qualifier,11/20/16,2587
other,DreamHack Masters Las Vegas 2017 India & Middle East Qualifier,11/19/16,2586
local-lan,xfunction Champions Series 2016,11/19/16,2585
online,ESEA Open Season 23 Brazil,11/24/16,2584
online,ESEA Open Season 23 South Africa,11/23/16,2583
online,QuickShot Arena #30,11/18/16,2582
online,ESEA Open Season 23 Asia,11/24/16,2581
online,ESEA Premier Season 23 Oceania,11/22/16,2580
online,ESEA Premier Season 23 North America,12/2/16,2578
online,ESEA Premier Season 23 Europe,12/5/16,2577
online,Dust2.dk eOddset #4,11/20/16,2576
online,WCA 2016 Americas,11/14/16,2575
intl-lan,DreamHack Open Tours 2017,5/8/17,2568
intl-lan,DreamHack Open Austin 2017,5/1/17,2567
intl-lan,DreamHack ASTRO Open Leipzig 2017,1/15/17,2566
local-lan,Telenor League Winter 2016,11/12/16,2565
intl-lan,WESG 2016 World Finals,1/15/17,2564
local-lan,Reboot Esports Championship,11/12/16,2563
local-lan,GTL Rosario 2016,12/8/16,2562
regional-lan,DreamHack Nordic Championship 2016,11/25/16,2561
online,DreamHack Nordic Championship 2016 - Qualifier,11/10/16,2560
intl-lan,IGL 2016 - Grand Final,11/27/16,2559
online,QuickShot Arena #29,11/12/16,2558
online,Americas Minor - ELEAGUE Major 2017 - Open Qualifier 2,11/8/16,2556
regional-lan,Americas Minor - ELEAGUE Major 2017,12/4/16,2555
online,Liga PRO GamersClub - OCT/16,11/16/16,2554
online,ZEN Esports Network League Season 1,4/19/17,2553
local-lan,Czech Championship 2016,11/5/16,2552
online,Americas Minor - ELEAGUE Major 2017 - Closed Qualifier,11/9/16,2551
online,Americas Minor - ELEAGUE Major 2017 - Open Qualifier 1,11/3/16,2550
online,QuickShot Arena #28,11/7/16,2549
local-lan,ASUS ROG GameXpo 2016,11/6/16,2548
regional-lan,VitalBet Balkan Pro League Finals,12/4/16,2547
online,VitalBet Balkan Pro League,11/24/16,2546
other,ROG MASTERS 2016 Last Chance Qualifier,10/30/16,2545
online,StarLadder Regional Minor Championship CIS - ELEAGUE Major 2017 - Closed Qualifier,11/2/16,2544
other,King of Nordic Season 5,1/20/17,2543
online,StarLadder Regional Minor Championship CIS - ELEAGUE Major 2017 - Open Qualifier,10/28/16,2542
intl-lan,DreamHack Masters Las Vegas 2017,2/20/17,2541
local-lan,ESL Brazil Premier League #2 Finals,10/29/16,2540
online,Copa GO4Gold #1,11/22/16,2539
intl-lan,ESEA Season 23 Global Challenge,1/9/17,2538
online,QuickShot Arena #27,10/29/16,2537
online,CyberGamer Pro League Season 9,12/10/16,2536
regional-lan,StarLadder Regional Minor Championship CIS - ELEAGUE Major 2017,11/13/16,2535
intl-lan,ESWC 2016 Female,10/31/16,2534
online,fpsGOD Super League #Winter,12/2/16,2533
intl-lan,ZOTAC World Cup,10/25/16,2532
other,Call of the North Northern Arena Montreal Qualifier,10/24/16,2531
online,Dust2.dk eOddset #3,10/23/16,2529
online,WCA 2016 China Qualifier 3,11/11/16,2528
online,PGL Regional Minor Championship Europe - ELEAGUE Major 2017 - Qualifier 2,10/21/16,2527
online,PGL Regional Minor Championship Europe - ELEAGUE Major 2017 - Qualifier 1,10/19/16,2526
online,WESG 2016 Korea,10/16/16,2525
online,DreamHack ZOWIE Open Winter 2016 Closed Qualifier,11/1/16,2524
local-lan,IGL Summer Lan Final,10/16/16,2523
online,DreamHack ZOWIE Open Winter 2016 Open Qualifier,10/15/16,2522
online,PGL eGG Minor India & Middle-East Qualifier,10/16/16,2521
local-lan,PLAYzone League II LAN Finals,10/16/16,2520
other,Milan Games Week CSGO Final by Personal Gamer,10/16/16,2519
local-lan,Ownit CS:GO Challenge,10/15/16,2518
online,PGL eGG Minor Oceania Qualifier,10/16/16,2517
online,ROG MASTERS 2016 China Qualifier,10/16/16,2516
other,WESG 2016 Japan,10/14/16,2515
online,Liga PRO GamersClub - SET/16,10/14/16,2514
online,PGL eGG Minor China Qualifier,10/16/16,2513
online,WESG 2016 Brazil,10/13/16,2512
local-lan,ESL Meisterschaft Winter 2016 Finals,11/26/16,2511
other,WESG 2016 Thailand,10/12/16,2509
intl-lan,WCA World Contest Championship,10/19/16,2508
online,QuickShot Arena #26,10/14/16,2507
other,PGL eGG Minor East Asia Qualifier,10/14/16,2506
other,PGL eGG Minor SEA Qualifier,10/14/16,2505
regional-lan,PGL Regional Minor Championship Europe - ELEAGUE Major 2017,11/6/16,2504
other,ESWC 2016 China Qualifier,10/12/16,2503
other,WESG 2016 Singapore,10/10/16,2502
local-lan,GameOn 2016,10/30/16,2501
other,GG Cup Finals Barcelona Games World,10/9/16,2500
online,iGame.com Nordic Invitational,10/19/16,2499
online,ROG MASTERS 2016 Rest of Asia Qualifier,10/8/16,2498
regional-lan,PGL Regional Minor Championship Asia - ELEAGUE Major 2017,10/30/16,2497
local-lan,ESWC 2016 Poland,10/9/16,2496
online,ECS Season 2 Europe,11/27/16,2495
online,ECS Season 2 North America,11/24/16,2494
other,WESG 2016 Malaysia & Indonesia,10/6/16,2493
online,GameOn 2016 CS:GO Cup Qualifier,10/9/16,2492
regional-lan,NEO CUP 2016,10/8/16,2491
online,QuickShot Arena #25,10/7/16,2490
local-lan,League of Sharks CS:GO Championship,10/15/16,2489
online,WESG 2016 South America,10/4/16,2488
other,Slovak Championship 2016,10/2/16,2487
online,WESG 2016 Argentina,10/3/16,2485
local-lan,GamesNet.cl League,10/1/16,2484
other,WESG 2016 Peru,10/1/16,2483
intl-lan,IeSF World Championship 2016,10/9/16,2482
other,WESG 2016 Mexico,9/30/16,2481
regional-lan,ESL Australia & NZ Championship Season 2 Finals,11/6/16,2480
other,WESG 2016 Other Americas,9/29/16,2479
local-lan,Intel Gaming Challenge,10/3/16,2478
regional-lan,ESL Benelux Winter Championship 2016 Finals,11/26/16,2477
online,ESL Benelux Winter Championship 2016,11/9/16,2476
local-lan,EB Expo Sydney Finals,10/1/16,2475
online,WESG 2016 Canada,9/28/16,2474
other,WESG 2016 Philippines,9/28/16,2473
intl-lan,ELEAGUE Major Main Qualifier,12/19/16,2472
major,ELEAGUE Major 2017,1/29/17,2471
other,WESG 2016 India & South-East Asia,9/27/16,2470
online,WESG 2016 United States,9/29/16,2469
online,QuickShot Arena #24,10/3/16,2468
online,Kinguin for Charity with PayPal,9/29/16,2467
regional-lan,WESG 2016 Australia,10/22/16,2466
other,WESG 2016 New Zealand,9/30/16,2465
online,WESG 2016 Central Europe,9/30/16,2464
online,WESG 2016 Germany,9/28/16,2463
online,WESG 2016 Northern Europe & Post CIS,9/28/16,2462
online,WESG 2016 Russia,9/25/16,2460
online,WESG 2016 Ukraine,9/25/16,2459
online,WESG 2016 Benelux,9/23/16,2458
local-lan,ESL Polish Championship 2016,10/1/16,2457
online,ROG MASTERS 2016 Southeast Asia Qualifier,9/24/16,2456
online,WESG 2016 South Asia,9/22/16,2455
intl-lan,iBUYPOWER Masters 2016,11/14/16,2454
regional-lan,WESG 2016 Asia-Pacific Regional Finals,11/13/16,2453
regional-lan,WESG 2016 North & South Americas Regional Finals,10/24/16,2452
online,QuickShot Arena #23,9/23/16,2451
online,WCA WCC Russia Qualifier,9/28/16,2450
online,WESG 2016 Poland,9/23/16,2449
online,WESG 2016 Adriatica,9/21/16,2448
local-lan,Tengillinn LAN 2-2016,11/5/16,2447
online,WESG 2016 Central Asia,9/20/16,2446
online,WESG 2016 France & Monaco,9/20/16,2445
online,Dust2.dk eOddset #2,9/18/16,2444
online,WESG 2016 Sweden,9/18/16,2443
online,ROG MASTERS 2016 East Asia Qualifier ,9/17/16,2442
online,iBUYPOWER Invitational Fall 2016,9/19/16,2441
online,WESG 2016 Norway,9/20/16,2440
online,King of the King,9/24/16,2439
online,WESG 2016 Iberia,9/16/16,2438
online,WESG 2016 South East Europe,9/15/16,2437
online,QuickShot Arena #22,9/20/16,2436
intl-lan,Gfinity CS:GO Invitational 2016,9/25/16,2435
local-lan,VSL Season 2,11/17/16,2434
online,Mr. Cat Masters Asian,11/7/16,2432
intl-lan,Predator Masters 3,11/6/16,2431
other,Gauntlet: Fight for the Crown,12/2/16,2430
other,Fragadelphia 9,9/12/16,2429
online,ROG MASTERS 2016 Oceania Qualifier,9/10/16,2428
other,EB Expo Sydney 2016 Qualifier #4,9/11/16,2427
other,EB Expo Sydney 2016 Qualifier #3,9/11/16,2426
other,EB Expo Sydney 2016 Qualifier #2,9/10/16,2425
other,EB Expo Sydney 2016 Qualifier #1,9/10/16,2424
regional-lan,ROG MASTERS Asia 2016,11/13/16,2423
online,QuickShot Arena #21,9/9/16,2422
local-lan,Argentina Game Show 2016 Finals,9/25/16,2421
online,ECS Season 2 NA Development League,9/28/16,2420
online,ECS Season 2 EU Development League,10/3/16,2419
online,Argentina Game Show 2016,9/17/16,2418
local-lan,WCA Season 2 China Finals,9/3/16,2417
local-lan,PGL National Division Season 2 Finals,9/3/16,2416
local-lan,Esports Tunisian Cup 2016,9/4/16,2415
online,CyberGamer Intermediate Season 8 Finals,9/1/16,2414
online,ESL One New York 2016 North America Qualifier,9/28/16,2413
online,ESL One New York 2016 Europe Qualifier,9/4/16,2412
intl-lan,eXTREMESLAND Asia Finals 2016,9/25/16,2411
intl-lan,EPICENTER: Moscow,10/23/16,2410
local-lan,WESG 2016 China Finals,10/3/16,2409
local-lan,Evetech Champions League 2016,9/4/16,2408
intl-lan,ELEAGUE Season 2,12/4/16,2407
online,ELEAGUE Season 2 North America Closed Qualifier,9/16/16,2406
online,ELEAGUE Season 2 North America Open Qualifier #3,9/13/16,2405
online,ELEAGUE Season 2 North America Open Qualifier #2,9/12/16,2404
online,ELEAGUE Season 2 North America Open Qualifier #1,9/11/16,2403
online,ELEAGUE Season 2 Europe Closed Qualifier,9/9/16,2402
online,ELEAGUE Season 2 Europe Open Qualifier #3,9/6/16,2401
online,ELEAGUE Season 2 Europe Open Qualifier #2,9/4/16,2400
online,ELEAGUE Season 2 Europe Open Qualifier #1,9/3/16,2399
local-lan,eXTREMESLAND China Finals,8/31/16,2398
online,EPICENTER: Moscow CIS Closed Qualifier,10/5/16,2397
online,EPICENTER: Moscow EU Closed Qualifier,9/27/16,2395
other,EPICENTER: Moscow CIS Open Qualifier,8/28/16,2394
other,EPICENTER: Moscow EU Open Qualifier,8/28/16,2393
other,Insomnia 58,8/28/16,2392
local-lan,Brasil Game Cup 2016,9/4/16,2391
regional-lan,WESG 2016 Europe & CIS Regional Finals,10/9/16,2390
local-lan,Game Evolution,9/11/16,2389
online,ESL Brazil Premier League #2,10/17/16,2388
online,Liga PRO GamersClub - AUG/16,9/1/16,2387
online,ESL Australia & NZ Championship Season 2,10/18/16,2386
local-lan,GROUND ZERO - Summer 2016,8/22/16,2385
other,ECS Season 2 EU Development League Open Qualifier #4,8/28/16,2384
online,ECS Season 2 EU Development League Open Qualifier #3,8/21/16,2383
other,DreamHack ZOWIE Open Bucharest 2016 Closed Qualifier,8/22/16,2382
local-lan,TTU e-Sport Summer 2016,8/21/16,2381
online,Betway WCA 2016 EU Main Qualifier,11/20/16,2380
local-lan,ESWC 2016 Bulgaria,9/4/16,2379
online,WESG 2016 Turkey,8/15/16,2377
online,WESG 2016 Middle East,8/15/16,2376
online,WESG 2016 North & West Africa,8/15/16,2375
online,WESG 2016 South & East Africa,8/15/16,2374
online,ECS Season 2 EU Development League Open Qualifier #2,8/14/16,2373
other,ESL Australia  & NZ Championship Season 2 Open Qualifier,8/14/16,2372
online,ESL Pro League Season 4 - North America Wild Card,8/18/16,2371
online,ESL Pro League Season 4 - Europe Wild Card,8/15/16,2370
online,ESL Pro League Season 4 - Europe,10/13/16,2369
online,ESL Pro League Season 4 - North America,10/14/16,2368
intl-lan,ECS Season 2 Finals,12/12/16,2367
online,ESEA Open Season 22 Oceania,8/18/16,2366
online,ESEA Open Season 22 South Africa,8/17/16,2365
online,SL i-League S2 Americas Qualifier,8/23/16,2364
other,Liga PRO GamersClub - JUL/16,8/12/16,2362
online,ESEA Open Season 22 Brazil,8/19/16,2361
local-lan,ROG CS:GO Hong Kong Tournament,8/13/16,2360
online,ESEA Open Season 22 Asia,8/18/16,2359
online,ECS Season 2 EU Development League Open Qualifier #1,8/7/16,2358
online,CyberPowerPC Summer 2016 Pro Series,8/29/16,2357
regional-lan,WESG 2016 Africa & Middle East Regional Finals,8/28/16,2356
local-lan,Peliliiga eSM 2016,8/5/16,2355
online,BalkanTube Fest,10/2/16,2354
online,ESEA Premier Season 22 Europe,8/17/16,2353
online,ESEA Premier Season 22 North America,8/15/16,2352
local-lan,Serbian First League S1 LAN Finals,9/4/16,2351
intl-lan,ESEA Season 22 Global Challenge,8/28/16,2350
online,World Championships 2016 European Qualifier,9/27/16,2349
online,Adrenaline Cyber League,9/13/16,2348
other,ESWC 2016 Portugal,10/2/16,2347
online,99Damage League Season 3,9/4/16,2346
regional-lan,Adrenaline Cyber League Finals,10/2/16,2345
online,E-Sports Festival CS:GO Tournament Closed Qualifier,8/13/16,2344
local-lan,ESL Meisterschaft Summer 2016 Finals,8/20/16,2343
online,World Championships 2016 African Qualifier,8/6/16,2341
intl-lan,ESWC 2016,10/30/16,2340
local-lan,ESL Brazil Premier League #1,8/1/16,2339
local-lan,2016 D-Fire Lan Final,8/15/16,2338
regional-lan,SL i-League S2 China Finals,8/7/16,2337
local-lan,GTL Tecnofields 2016,8/14/16,2336
online,Betway Invitational,8/11/16,2335
online,WESG 2016 Denmark,9/23/16,2334
other,UnderDogs #4,7/26/16,2333
other,StarPrime CyborWars 2016,7/27/16,2332
online,World Championships 2016 North American Qualifier,7/28/16,2331
local-lan,ESWC 2016 South African Qualifier,7/31/16,2330
online,SL i-League S2 Europe Qualifier,8/22/16,2329
other,GSL Baltics Samsung Open by Gameshow,7/23/16,2327
online,Stream.me Gauntlet EU #1,8/16/16,2326
intl-lan,SL i-League StarSeries Season 2 Finals,9/11/16,2325
local-lan,Power-LAN 2016,8/27/16,2324
regional-lan,eSports Festival 2016,8/21/16,2323
other,King of Adria,8/31/16,2322
online,WCA 2016 EU Closed Qualifier,7/27/16,2321
regional-lan,CyberGamer Oceania eSports Masters Finals,8/21/16,2320
intl-lan,Pro Gamer League 2016 Summer Finals,7/24/16,2319
online,SL i-League S2 China Qualifier,7/31/16,2318
local-lan,GamePub 2016,7/17/16,2317
regional-lan,StarLadder Female Stars Championship,7/17/16,2316
online,GG Masters,9/2/16,2315
intl-lan,ASUS ROG Summer 2016,8/6/16,2314
online,iBUYPOWER Invitational Summer 2016,7/18/16,2313
other,Liga PRO GamersClub - JUN/16,7/14/16,2312
intl-lan,World Championship 2016,10/9/16,2311
regional-lan,ESL Australia & NZ Championship Season 1 Finals,7/24/16,2310
other,IGL Lan Final,7/9/16,2309
regional-lan,Game Show Open Season 4 Playoffs,7/10/16,2308
other,G-League Lan Final,7/8/16,2307
intl-lan,ESL Pro League Season 4 Finals,10/31/16,2306
online,World Championships 2016 South American Qualifier,7/25/16,2305
other,Infinity Coliseum LAN 33,7/3/16,2304
local-lan,VSL Season 1,8/25/16,2303
other,ESL UK Premiership Spring 2016 Finals,7/4/16,2302
online,CyberGamer Oceania eSports Masters,7/28/16,2301
other,ESL National Championship France Summer 2016,7/2/16,2300
other,AlienTech CS:GO TiTans II Finals,7/3/16,2299
other,King of Nordic's Challenger Cup at DigitalityX,7/2/16,2298
other,World Championships 2016 Oceanic Qualifier,6/30/16,2297
online,Hitbox Challenger Cup #2,9/19/16,2296
other,CyberPowerPC Summer 2016 Qualifier #2,6/27/16,2295
other,MPGL Season 8 Finals,6/25/16,2294
other,RoG Finals 10,6/26/16,2293
regional-lan,DreamHack Valencia 2016,7/16/16,2292
online,World Championships 2016 Asian Qualifier,7/19/16,2291
other,H-Cup Season 2,6/28/16,2290
other,ESPORTSM 2016 Finals,6/18/16,2289
local-lan,NEA 2016 Finals ,7/3/16,2288
intl-lan,Northern Arena 2016 - Montreal,11/14/16,2286
intl-lan,Northern Arena 2016 - Toronto,9/4/16,2285
other,WCA Season 2 China Qualifier,7/7/16,2284
online,Game On CS:GO June Invitational,6/16/16,2283
other,X-Kom Clash,6/12/16,2282
online,owayo Masters I,6/15/16,2281
online,MixBOT Pro-League Golden,7/28/16,2280
other,Tuddinn LAN 2 | 2016,6/6/16,2279
regional-lan,Adrenaline Open Cyber Cup,6/5/16,2278
online,DreamHack ZOWIE Open Summer 2016 Closed Qualifier #2,6/6/16,2277
online,Liga PRO GamersClub - MAY/16,6/6/16,2276
online,DreamHack ZOWIE Open Summer 2016 Open Qualifier #2,6/4/16,2275
other,MSI Baltic Pro League Season 1,6/4/16,2274
other,CyberPowerPC Summer 2016 Qualifier #1,5/30/16,2273
other,ESL South East Europe Championship Season 3 Finals,5/29/16,2272
online,DreamHack ZOWIE Open Summer 2016 Closed Qualifier #1 ,5/30/16,2271
online,DreamHack ZOWIE Open Summer 2016 Open Qualifier #1 ,5/28/16,2270
online,Global Offensive Champions League Season 4,8/30/16,2269
other,AlienTech CS:GO Invitational II,5/29/16,2268
other,GeForce CUP at ESPORT NOW 2016,5/29/16,2266
other,XLG CS:GO Season 1,7/2/16,2265
online,ESL Pro League Season 3 Relegation,5/26/16,2264
online,H-Cup Season 1,5/28/16,2263
online,BlasterX INETKOX League Season 1,9/8/16,2262
intl-lan,IEM Oakland 2016,11/21/16,2261
other,Tuddinn Spring 2016 LAN Finals,5/21/16,2260
other,PLAYzone League I LAN Finals,5/21/16,2259
intl-lan,ESL One Cologne 2016 Main Qualifier,6/13/16,2258
other,Fragadelphia 8,5/23/16,2257
local-lan,WCA Season 1 China Finals,5/18/16,2256
online,RGN Pro Series II EU Closed Qualifier,8/1/16,2255
online,Razer Rising Stars European League Season 1,3/16/17,2254
other,UnderDogs #3,6/21/16,2253
online,Razer Rising Stars South American League Season 1,6/17/16,2252
other,HyperX Cup Finals,5/15/16,2251
other,CS:GO Danmark League #1,5/15/16,2250
local-lan,PC Garage Clutch Masters by Steelseries,5/14/16,2249
intl-lan,ECS Season 1 Finals,6/26/16,2248
online,MLG Regional Minor North America Qualifier,5/9/16,2247
other,BirdieLAN 26,5/8/16,2246
other,Telenor League Spring 2016,5/8/16,2245
other,Game Ninja 2016,5/7/16,2244
local-lan,ESL Meisterschaft Spring 2016 Finals,5/8/16,2243
online,Liga PRO GamersClub - APR/16,5/10/16,2242
other,King of Nordic Season 4,9/9/16,2241
regional-lan,WCA Season 1 APAC Finals,5/20/16,2240
intl-lan,ESL One New York 2016,10/3/16,2239
online,xfunction Challenge,6/24/16,2238
other,TIGER MASTERS Mid-season Finals,5/1/16,2236
online,DreamHack Regional Minor Championship Europe Closed Qualifier #2,5/1/16,2235
online,DreamHack Regional Minor Championship Europe Open Qualifier #2,4/30/16,2234
other,BenQ All-Star Showmatch #8,4/27/16,2233
online,Operation: Kinguin #3,7/31/16,2232
online,Rising Stars Africa Promotional Cup,4/30/16,2231
online,MLG Regional Minor South America Qualifier,4/27/16,2230
online,DreamHack Regional Minor Championship Europe Closed Qualifier #1,4/24/16,2229
online,DreamHack Regional Minor Championship Europe Open Qualifier #1,4/23/16,2228
local-lan,Pro Gamers League 2016 Spring,4/24/16,2227
online,Rising Stars South America Promotional Cup,4/26/16,2226
regional-lan,StarLadder Minor CIS - Cologne 2016,5/1/16,2224
regional-lan,MLG Regional Minor Championship Americas,5/22/16,2223
online,PGL KeSPA Minor Oceania Qualifier,4/21/16,2222
online,StarLadder Regional Minor Championship CIS #2 Closed Qualifier,4/20/16,2221
online,Rising Stars SEA Promotional Cup,4/23/16,2219
other,PGL National Division Season 1 Finals,4/16/16,2218
online,WCA 2016 APAC Qualifier,4/19/16,2217
online,PGL KeSPA Minor SEA Qualifier,4/14/16,2216
regional-lan,ESEA Premier Season 21 Europe Finals,5/7/16,2215
regional-lan,ESEA Premier Season 21 North America Finals,5/16/16,2214
regional-lan,Sawik Showmatch,6/29/16,2213
regional-lan,DreamHack Regional Minor Championship Europe at DH Tours 2016,5/16/16,2212
regional-lan,PGL KeSPA Regional Minor Championship Asia,5/8/16,2211
online,ESEA Premier Season 21 Europe,4/11/16,2210
online,ESEA Premier Season 21 North America,4/11/16,2209
online,ECS Season 1,5/27/16,2208
other,CS Reunion Inferno Online,4/9/16,2207
other,Liga PRO GamersClub - MAR/16,4/9/16,2206
online,PGL KeSPA Minor China Qualifier,4/10/16,2204
online,ECS Season 1 Qualifier,4/10/16,2202
other,MLG Columbus 2016 All-Star Match,4/3/16,2201
online,SL i-League Invitational China Qualifier,4/27/16,2200
other,Yoggi Yalla Cup,6/14/16,2199
other,Insomnia 57,3/28/16,2198
online,DreamHack Austin 2016 Closed Qualifier,3/28/16,2197
other,ICL 30,3/27/16,2196
other,Gamers Assembly 2016,3/28/16,2195
other,Razer Rising Stars SEA League Qualifiers,3/27/16,2194
intl-lan,Copenhagen Games 2016 female,3/26/16,2193
other,RGN 2016 Pro Series Open Qualifier,3/25/16,2192
intl-lan,Copenhagen Games 2016 BYOC Qualifier,3/25/16,2191
other,Razer Rising Stars NA League Qualifiers,3/25/16,2189
online,Balkan Championship Season 3,6/5/16,2188
intl-lan,SL i-League Invitational #1,5/22/16,2187
online,SL I-League Invitational #1 EU Qualifiers,5/11/16,2186
online,Hitbox Challenger Cup,4/12/16,2185
online,DreamHack Masters Malm�_ 2016 Europe Open Qualifier #2,3/19/16,2184
regional-lan,Gigabyte Top League #3 Finals,3/21/16,2183
other,Komplett Barcraft eXperience,3/19/16,2182
other,Dust2.dk eOddset Kinguin #1,6/25/16,2181
local-lan,AlienTech CS:GO Invitational I,3/20/16,2180
regional-lan,AlienTech CS:GO League Season I Finals,4/10/16,2179
other,Personal Gamer,3/15/16,2178
other,WCA Season 1 Qualifier,4/28/16,2177
online,Uprise Champions Cup Season 4,6/29/16,2176
online,DreamHack Masters Malm�_ 2016 Europe Open Qualifier #1,3/12/16,2175
online,DreamHack Masters Malm�_ 2016 Europe Closed Qualifier #2,3/20/16,2174
online,DreamHack Masters Malm�_ 2016 Europe Closed Qualifier #1,3/14/16,2173
online,DreamHack Masters Malm�_ 2016 Asia Closed Qualifier,3/13/16,2172
online,DreamHack Masters Malm�_ 2016 Asia Open Qualifier,3/12/16,2171
online,Razer Rising Stars South American League Qualifiers,3/14/16,2170
local-lan,EsportFest 2016,3/12/16,2169
online,iBUYPOWER Invitational Spring 2016,3/21/16,2168
local-lan,Telkom DGL Masters 2016 Cape Town,3/20/16,2166
online,Global Offensive Champions League Season 3,4/29/16,2165
online,Razer Rising Stars European League Qualifiers,3/11/16,2164
online,Binary Dragons Cup 2,3/8/16,2163
intl-lan,Intel Challenge Katowice 2016,3/6/16,2162
local-lan,CSL 2016 Finals,9/25/16,2161
intl-lan,China Cup 2017,3/19/17,2160
online,Stream.me Gauntlet ,3/29/16,2159
online,Game Show Spring Invitational 2016,9/21/16,2158
online,Balkan Challenge #1,2/24/16,2157
local-lan,Cracow Game Spot 2016,2/21/16,2156
online,DreamHack Masters Malm�_ 2016 NA Closed Qualifier,2/22/16,2155
local-lan,epic.SEVENTEEN,2/21/16,2154
other,Born To Win Invitational League #1,2/28/16,2153
online,CEVO Gfinity Professional Season 9,4/22/16,2152
online,Betway Aftonbladet Fight Night #3,2/25/16,2151
intl-lan,CEVO Gfinity Professional Season 9 Finals,5/1/16,2150
regional-lan,Nordic Masters Season 2 Finals,2/21/16,2149
intl-lan,Pantamera CS:GO Challenge 2016,2/28/16,2148
online,AlienTech CS:GO League Season I,3/16/16,2147
other,Game On: CSGOCIRCLE.COM Invitational,2/16/16,2146
online,UnderDogs #2,3/15/16,2145
online,D!ngIT Fareast Asia Invitational Season 2,3/2/16,2144
online,IEM Katowice 2016 NA Qualifier,2/15/16,2143
local-lan,GWZA Season 1 Finals,2/14/16,2142
online,CEVO Gfinity Professional Season 9 Placement NA,2/16/16,2141
online,CEVO Gfinity Professional Season 9 Placement EU,2/15/16,2140
local-lan,P��o��sk eSports Challenge,2/7/16,2139
online,Binary Dragons Hellstore Winter Cup,2/7/16,2138
online,King of Nordic Season 3,4/22/16,2137
online,Rising Stars Female,2/9/16,2136
intl-lan,ELEAGUE Season 1,7/31/16,2135
online,GO:NA,3/1/16,2133
intl-lan,ESL Pro League Season 3 Finals,5/16/16,2130
online,Uprise Champions Cup Season 4 Qualifier,2/11/16,2129
online,IEM Katowice 2016 EU Qualifier #2,1/26/16,2128
online,Rising Stars Europe #1,2/1/16,2127
online,Rising Stars CIS #1,1/29/16,2126
online,D!ngIT $2000 Weekly Cup #35,1/26/16,2125
online,ESL Pro League Season 3,4/27/16,2124
other,ESL Barcelona European Qualifier,1/19/16,2123
other,Rising Stars South-East Asia #1,1/25/16,2122
other,D!ngIT $2000 Weekly Cup #34,1/20/16,2121
online,Operation: Kinguin #2,4/20/16,2119
other,IEM Katowice 2016 EU Qualifier #1,1/17/16,2118
other,Game On King of the Hill,4/29/16,2117
other,IEM Taipei 2016 East Asia Qualifier,1/17/16,2116
other,Rising Stars North Africa #1,1/18/16,2115
other,IEM Taipei 2016 Oceania Qualifier,1/16/16,2114
other,99Damage Masters #4,2/10/16,2113
intl-lan,DreamHack ZOWIE Open Bucharest 2016,9/18/16,2112
other,Operation: Kinguin #2 Closed Qualifier,1/16/16,2111
intl-lan,DreamHack ZOWIE Open Winter 2016,11/26/16,2110
intl-lan,DreamHack ZOWIE Open Summer 2016,6/20/16,2109
other,IEM Taipei 2016 Chinese Qualifier,1/17/16,2108
other,Rising Stars South America #1,1/15/16,2107
other,RGN Winter Classic II,2/18/16,2106
other,RGN European Open II,2/11/16,2105
other,DreamHack Open Leipzig 2016 Closed Qualifier,1/10/16,2104
other,Tuddinn LAN 1 | 2016,1/10/16,2103
regional-lan,Assembly Winter 2016,2/6/16,2102
other,D!ngIT $2000 Weekly Cup #33,1/12/16,2101
intl-lan,ESL Barcelona CS:GO Invitational presented by Mobile World Congress,2/21/16,2100
intl-lan,DreamHack Masters Malm�_ 2016,4/17/16,2099
other,99Damage Arena #19,1/8/16,2098
other,PGL Regional Minor Championship Europe Qualifiers,1/9/16,2097
other,QuickShot Arena #20,1/9/16,2096
other,D!ngIT $2000 Weekly Cup #32,1/5/16,2095
other,D!ngIT Asia Invitational Group B,1/13/16,2093
other,StarLadder Regional Minor Championship CIS Closed Qualifier,12/26/15,2092
other,Uprise Champions Cup Season 4 Pre-Qualifier,12/23/15,2091
other,D!ngIT $2000 Weekly Cup #31,12/22/15,2090
other,AFKG MENA Championship,12/19/15,2089
other,Play It Cool CS:GO Community Challenge,12/19/15,2088
other,ASUS Finals 9,12/20/15,2087
other,Rising Stars Balkan #2,12/20/15,2086
other,ESL ESEA Pro League Season 2 Relegation,12/17/15,2085
other,99Damage Arena #18,12/18/15,2084
other,QuickShot Arena #19,12/19/15,2083
other,ELEAGUE Road to Vegas Closed NA Qualifier,12/19/15,2082
other,ELEAGUE Road to Vegas Closed EU Qualifier,12/18/15,2081
intl-lan,ELEAGUE Road to Vegas,1/7/16,2080
other,Game On European Invitational,12/17/15,2079
other,QuickShot Arena NA #2,12/16/15,2078
regional-lan,StarLadder Regional Minor Championship CIS,1/24/16,2077
other,AlienTech CS:GO European Cup II,1/3/16,2076
other,Operation: Kinguin,12/16/15,2075
other,Game On Asian Invitational,12/13/15,2074
other,D!ngIT $2000 Weekly Cup #30,12/15/15,2073
other,SoStronk KOTH Asia #2,12/15/15,2072
intl-lan,MLG Columbus 2016 Main Qualifier,2/29/16,2071
online,MLG Columbus 2016 Last Chance EU/CIS pre-qualifier,2/6/16,2070
online,MLG Columbus 2016 Last Chance NA pre-qualifier,1/25/16,2069
regional-lan,MLG Americas Minor Championship,1/17/16,2068
local-lan,BHG CS:GO Tournament,12/13/15,2067
local-lan,Gigabyte Top League Finals,12/14/15,2066
other,RGN Showseries,12/23/15,2065
regional-lan,PGL Regional Minor Championship Europe,2/1/16,2064
regional-lan,IEM Taipei 2016,2/1/16,2063
major,ESL One Cologne 2016,7/10/16,2062
other,QuickShot Arena #18,12/12/15,2061
regional-lan,ESL Nordic Nationals Winter 2015 Finals,12/21/15,2060
intl-lan,Copenhagen Games 2016,3/26/16,2059
other,99Damage Arena #17,12/10/15,2058
local-lan,SL i-League StarSeries XIV China Finals,12/20/15,2057
regional-lan,Fulcrum Gamers League Finals,1/10/16,2056
other,ESL Meisterschaft Winter 2015 Finals,12/5/15,2055
regional-lan,Northern Arena 2015,12/6/15,2054
local-lan,LVP Season 9 Division de Honor Finals,12/6/15,2053
local-lan,TecnoLAN Pasarela 2015 LAN Finals,12/6/15,2052
other,D!ngIT CS:GO Asia Invitational Season 2,12/28/16,2051
other,SoStronk Challenger Asia #1,12/10/15,2050
other,QuickShot Arena #17,12/5/15,2048
other,D!ngIT $2000 Weekly Cup #29,12/8/15,2047
other,Red Dot Invitational,1/12/16,2046
other,QuickShot Arena NA #1,12/2/15,2045
other,UCC ShowMatch Cup,12/1/15,2044
other,99Damage Arena #16,12/3/15,2043
online,Counter Pit League Season 2,3/2/16,2042
other,D!ngIT $2000 Weekly Cup #28,12/1/15,2041
other,ESEA Premier Season 20 North America,12/1/15,2040
other,Capital NEO Gaming Cup 2015,11/29/15,2039
other,ESL South East Europe Championship Season 2 Finals,11/28/15,2037
intl-lan,IEM Katowice 2016,3/5/16,2036
other,QuickShot Arena #16,11/27/15,2035
intl-lan,Counter Pit League Season 2 Finals,3/18/16,2034
online,Uprise Champions Cup: Europe,3/7/16,2033
other,Fulcrum Gamers League,12/13/15,2032
other,99Damage Arena #15,11/26/15,2031
other,D!ngIT $2000 Weekly Cup #27,11/24/15,2030
other,D!ngIT $2000 Weekly Cup Qualifier,11/22/15,2029
other,Gfinity CS:GO UK Championship Finals,11/21/15,2028
major,MLG Columbus 2016,4/3/16,2027
other,Color League by EIZO & QPAD,11/22/15,2026
other,Game Show Global eSports Cup 2016,1/31/16,2024
other,AlienTech AllStars,11/22/15,2023
other,D!ngIT & NCSC Korea S1 Qualifier,12/6/15,2022
other,QuickShot Arena #15,11/21/15,2021
other,99Damage League Season 2,2/7/16,2020
other,D!ngIT $2000 Weekly Cup #26,11/17/15,2019
other,BenQ All-Star Showmatch #7,11/16/15,2018
other,Global Grand Masters #1,11/17/15,2017
other,Red Dot Closed Qualifier,11/24/15,2016
other,Game On Invitational,11/15/15,2015
regional-lan,CIS LAN Championship #2,11/19/15,2014
intl-lan,Game Show Global eSports Cup 2016 Finals,2/7/16,2013
other,STARSLeague,11/12/15,2012
other,LVP Season 9 Division de Honor Sprint #2,11/15/15,2011
other,QuickShot Arena #14,11/12/15,2010
regional-lan,MAX5 Invitational,1/10/16,2009
other,D!ngIT $2000 Weekly Cup #25,11/10/15,2007
other,Counter Pit League Season 2 Qualifier,11/11/15,2006
other,Swelder's Showmatch,11/8/15,2005
other,M��R 2015,11/7/15,2004
other,Virtus.pro Staff Cup #3,11/15/15,2003
other,SLTV ProSeries XIV,11/8/15,2002
other,QuickShot Arena #13,11/7/15,2001
other,Uprise Champions Cup: Europe EU Qualifier,11/5/15,2000
other,SoStronk KOTH Asia #1,11/8/15,1999
other,D!ngIT $2000 Weekly Cup #24,11/4/15,1998
local-lan,CyberGamer Premier League 4 Finals,11/1/15,1996
other,D!ngIT CS:GO Asia Invitational Season 1,11/21/15,1995
other,ASUS ROG Nordic Challenge,11/1/15,1994
other,QuickShot Arena #12,10/29/15,1993
online,D!ngIT $2000 Weekly Cup #23,10/28/15,1992
other,Milan Games Week 2015 League by FACEIT Finals,10/25/15,1991
online,Uprise Champions Cup: Europe CIS Qualifier,10/25/15,1990
other,AlienTech CS:GO TiTans I Finals,10/25/15,1989
other,ESL UK Premiership Season 2 Finals,10/25/15,1988
online,Ascendancy Cup #1,10/25/15,1987
intl-lan,ESL ESEA Pro League Season 2 Finals,12/14/15,1986
online,RGN European Open,12/7/15,1985
online,QuickShot Arena #11,10/22/15,1984
online,D!ngIT $2000 Weekly Cup #22,10/21/15,1983
local-lan,Fragadelphia 6,10/19/15,1982
other,Jimm's CS:GO Challenge,10/17/15,1981
online,Azubu.tv Showmatch,10/16/15,1980
online,MixBOT Pro-League Invite Season 2,4/6/16,1979
intl-lan,SL i-League StarSeries XIV Finals,1/17/16,1978
intl-lan,DreamHack ZOWIE Open Leipzig 2016,1/24/16,1977
online,QuickShot Showmatches,11/13/15,1976
online,AlienTech CS:GO TiTans I,10/20/15,1975
online,D!ngIT $2000 Weekly Cup #21,10/13/15,1974
online,King of Nordic Season 2,1/15/16,1973
other,League of Sharks,10/10/15,1972
other,Crown Invitational - Aus Qualifier,10/9/15,1971
online,SL i-League StarSeries XIV,12/17/15,1970
online,QuickShot Arena #10,10/10/15,1969
intl-lan,RGN Pro Series Championship,11/19/15,1968
online,D!ngIT $2000 Weekly Cup #20,10/6/15,1967
online,D!ngIT Sunday Brawl,10/4/15,1966
other,CSHR Championship Season 2,10/4/15,1965
other,SocialNat Master League,10/4/15,1964
other,MWEB GameZone Masters Series,10/4/15,1963
other,JCG CS:GO Premier 2015 Summer,10/3/15,1962
online,Rising Tornado #5,10/27/15,1961
regional-lan,iBUYPOWER Cup 2015,11/16/15,1960
online,Acer Predator Masters powered by Intel Season 2,1/20/16,1959
intl-lan,Acer Predator Masters powered by Intel Season 2 Finals,2/14/16,1958
online,Milan Games Week 2015 League by FACEIT,10/15/15,1957
online,LVP Season 9 Divisi�_n de Honor Sprint #1,10/8/15,1956
online,QuickShot Arena #9,10/3/15,1955
intl-lan,DreamHack Austin 2016,5/9/16,1954
local-lan,ESL Polish Championship Season 11 Finals,10/3/15,1953
online,CSHUB Series Season 1,11/19/15,1952
online,UnderDogs #1,11/10/15,1951
online,D!ngIT $2000 Weekly Cup #19,9/29/15,1950
intl-lan,Crown's Counter-Strike Invitational,10/10/15,1949
online,QuickShot Arena #8,9/24/15,1948
other,eSports Arena Inaugural $5k Open ,9/21/15,1947
online,D!ngIT $2000 Weekly Cup #18,9/23/15,1946
other,xfunction Challenger 2,9/27/15,1945
online,Rising Showmatch,9/18/15,1944
online,99Damage Masters #3,10/14/15,1943
online,Global Offensive Champions League Season 2,12/14/15,1942
online,QuickShot Arena #7,9/17/15,1941
online,LevelDown Championship,9/18/15,1940
online,RGN Freedom Cup,12/22/15,1939
online,Hitbox Arena Showdown Invitational #3,9/16/15,1938
online,FACEIT League 2015 Stage 3,11/15/15,1937
online,FACEIT League 2015 Stage 3 OCE Closed Qualifier,9/22/15,1936
online,FACEIT League 2015 Stage 3 NA Closed Qualifier,9/20/15,1935
online,ESL ESEA Pro League Season 2,11/20/15,1934
online,D!ngIT $2000 Weekly Cup #17,9/16/15,1933
online,99Damage Arena #14,9/14/15,1932
other,Balkan SuperCup #2 LAN Finals,9/13/15,1931
online,QuickShot Arena #6,9/11/15,1930
online,Fragbite Masters Season 5 Main Qualifier,10/7/15,1929
online,Fragbite Masters Season 5,12/2/15,1928
online,D!ngIT $2000 Weekly Cup #16,9/9/15,1927
other,eGaming CS:GO Championship 2015,9/6/15,1926
other,ACL Melbourne 2015,9/6/15,1925
other,WinOut.net 20k Last Chance Qualifier,9/4/15,1924
online,MixBOT Pro-League Invite Season 1,10/5/15,1923
online,RGN Brazilian Open,9/4/15,1922
intl-lan,Uprise Champions Cup Season 3 Finals,9/30/15,1921
online,DreamHack Open Cluj-Napoca 2015 NA pre-qualifier,9/15/15,1920
online,ESL Polish Championship Season 11,9/24/15,1919
online,DreamHack Open Cluj-Napoca 2015 Asian pre-qualifier,9/6/15,1918
online,QuickShot Arena #5,9/4/15,1917
online,iBUYPOWER Invitational Fall 2015,9/14/15,1916
online,DreamHack Open Cluj-Napoca 2015 EU pre-qualifier #2,9/13/15,1915
online,DreamHack Open Cluj-Napoca 2015 EU pre-qualifier #1,9/6/15,1914
online,FACEIT League 2015 Stage 3 EU Closed Qualifier,9/4/15,1913
online,D!ngIT $2000 Weekly Cup #15,9/2/15,1912
online,AlienTech CS:GO European Cup I,9/17/15,1911
online,FACEIT League 2015 Stage 3 EU Open pre-qualifier #2,8/30/15,1910
other,Insomnia 55,8/30/15,1909
online,FACEIT League 2015 Stage 3 EU Open pre-qualifier #1,8/30/15,1908
intl-lan,Fragbite Masters Champions Showdown,9/5/15,1907
online,CS Select #27,8/29/15,1906
online,99Damage Arena #13,8/30/15,1905
online,World Championships 2015 Asian Qualifier,9/3/15,1904
online,QuickShot Arena #4,8/28/15,1903
online,PGL Season 1 Replacement Qualifier,8/26/15,1902
online,PGL Season 1,9/12/15,1901
online,Rising Tornado #4,9/20/15,1900
online,CS Select #26,8/26/15,1899
online,99Damage League Season 1,10/22/15,1898
online,D!ngIT $2000 Weekly Cup #14,8/25/15,1897
online,QuickShot Arena #3,8/21/15,1896
online,ESL UK Premiership Season 2,9/29/15,1895
online,Hitbox Arena Showdown Invitational #2,8/19/15,1894
online,CS Select #25,8/18/15,1893
online,DreamHack Open London 2015 Closed Qualifier,8/19/15,1892
online,D!ngIT $2000 Weekly Cup #13,8/18/15,1891
online,CEVO Professional Season 8,10/16/15,1890
online,CS Select #24,8/14/15,1888
online,QuickShot Arena #2,8/14/15,1887
intl-lan,PGL Season 1 Finals,10/4/15,1886
online,PGL Season 1 EU Qualifiers,8/14/15,1885
online,99Damage Arena #12,8/12/15,1884
online,CS Select #22,8/11/15,1883
intl-lan,ESL ESEA Dubai Invitational 2015,9/12/15,1882
online,GameAgents League Season 2,11/19/15,1881
online,World Championships 2015 African Qualifier,8/14/15,1880
other,ESL Sommermeisterschaft 2015 Finals,8/9/15,1879
online,NiP TV Female Challenge,8/17/15,1878
online,PGL Season 1 NA Qualifier,8/11/15,1877
other,ESL ESEA Pro League Season 1 Relegation,8/11/15,1876
other,ESL Major League Summer 2015,8/5/15,1875
other,World Championships 2015 North American Qualifier,8/7/15,1874
online,Multifrags Invitational 2015,8/9/15,1873
online,D!ngIT $2000 Weekly Cup #11,8/13/15,1872
online,World Championships 2015 European Qualifier,10/2/15,1871
online,D!ngIT $2000 Weekly Cup #12,8/13/15,1870
other,99Damage Arena #11,8/4/15,1869
online,Fight Night: Season I,8/16/15,1868
other,Balkan SuperCup #1 LAN Finals,8/2/15,1866
intl-lan,IEM San Jose 2015,11/23/15,1865
other,QuickShot Arena #1,7/31/15,1862
intl-lan,IEM Gamescom 2015,8/8/15,1861
online,WinOut.net 20k Qualifier #2,8/12/15,1859
online,xfunction Masters Season III,8/17/15,1857
other,99Damage Arena #10,7/29/15,1856
other,D!ngIT $2000 Weekly Cup #10,7/28/15,1855
other,ESEA Premier Season 19 North America,7/27/15,1854
intl-lan,CEVO Professional Season 8 Finals,11/9/15,1853
other,WinOut.net 20k Qualifier #1,7/23/15,1852
other,CS Select #20,7/30/15,1851
other,IzakTV Summer Cup,7/23/15,1850
online,CEVO Professional Season 8 Placement NA,8/13/15,1849
online,CEVO Professional Season 8 Placement EU,8/14/15,1848
other,D!ngIT $2000 Weekly Cup #9,7/22/15,1847
other,GameAgents League Season 2 Qualifier,7/23/15,1846
other,Rising Tornado #3,7/24/15,1845
other,D!ngIT $2000 Weekly Cup #8,7/14/15,1844
other,ESWC 2015 Female,7/12/15,1843
other,Ballistix Challenge,7/12/15,1842
other,CS Select #19,7/10/15,1841
other,BenQ All-Star Showmatch #6,7/8/15,1839
online,Uprise Champions Cup Season 3,9/13/15,1837
other,D!ngIT $2000 Weekly Cup #7,7/7/15,1836
other,ESL One Cologne 2015 South-East Asia pre-qualifier,7/5/15,1835
other,ESL One Cologne 2015 East Asia pre-qualifier,7/4/15,1834
intl-lan,Assembly Summer 2015 AMD CS:GO Challenge,8/1/15,1833
other,CS Select #18,7/4/15,1832
other,ESL One Cologne 2015 China pre-qualifier,6/30/15,1831
other,ESL One Cologne 2015 EU pre-qualifier #2,7/2/15,1830
online,BenQ All-Star Showmatch #5,6/29/15,1829
other,ESWC 2015 France,6/29/15,1828
other,Gamergy Final Cup 8,6/28/15,1827
online,ESL One Cologne 2015 EU pre-qualifier #1,6/28/15,1826
online,D!ngIT $2000 Weekly Cup #6,6/26/15,1825
other,ACL Sydney 2015,6/28/15,1824
online,E-sport-bets Celebration Show-match,6/23/15,1823
online,99Damage Masters #2,7/7/15,1822
online,Rising Tornado #2,7/5/15,1821
other,HyperX CS:GO Clash,6/20/15,1820
other,Fragadelphia 5,6/22/15,1819
online,iBP Summer Invitational,6/22/15,1818
other,D!ngIT $2000 Weekly Cup #5,6/20/15,1817
other,ESWC 2015 CIS,6/18/15,1816
intl-lan,Gaming Paradise Inhouse Qualifier,6/26/15,1815
online,World Championships 2015 South American Qualifier,6/23/15,1814
other,DreamHack Open Summer 2015 BYOC Qualifier,6/13/15,1813
other,BenQ All-Star Showmatch #4,6/13/15,1812
other,D!ngIT $2000 Weekly Cup #4,6/13/15,1810
regional-lan,ESL One Cologne 2015 NA Qualifier,8/3/15,1809
regional-lan,ESL One Cologne 2015 European Qualifier,7/26/15,1808
regional-lan,ESL One Cologne 2015 Asian Qualifier,7/19/15,1807
other,GamePlan Summer,6/16/15,1805
online,Aftonbladet Fight Night #2,6/9/15,1804
other,Hitbox Arena Showdown Invitational,6/9/15,1802
other,ESWC 2015 Russia,6/7/15,1801
other,99Damage Arena #9,6/7/15,1800
online,FACEIT SEA Launch Cup,6/6/15,1798
other,ESWC 2015 China,6/7/15,1797
online,D!ngIT $2000 Weekly Cup #3,6/6/15,1796
online,HTC Reborn Invitational,6/8/15,1795
online,Rising Tornado #1,6/12/15,1794
other,MSI ESWC USA Qualifier #1,6/1/15,1793
other,CJM First Blood,5/31/15,1792
other,ESPORTSM 2015,6/13/15,1791
other,Gaming Paradise Belgrade Open Qualifier,6/1/15,1790
online,FACEIT League 2015 Stage 2,7/8/15,1789
online,DreamHack Open Summer 2015 Closed Qualifier,5/31/15,1787
other,GamePlan Weekend Tourney,5/31/15,1786
online,World Championships 2015 Oceanic Qualifier,5/31/15,1784
other,Alienware Area 51 Cup #2,5/30/15,1783
other,CS Select #16,5/30/15,1782
online,D!ngIT $2000 Weekly Cup #2,5/30/15,1781
online,FACEIT League 2015 Stage 2 Oceanic Qualifier,5/30/15,1780
online,99Damage Arena #8,6/2/15,1779
online,FACEIT League 2015 Stage 2 NA Qualifier,6/3/15,1778
online,DreamHack Open Summer 2015 Qualifier #2,5/25/15,1777
online,FACEIT League 2015 Stage 2 EU Qualifier,6/1/15,1776
online,DreamHack Open Summer 2015 Qualifier #1,5/24/15,1775
other,ACL Sydney 2015 CS:GO Last Chance,5/25/15,1774
other,CS Select #15,5/24/15,1773
other,ESL UK Premiership Season 1 Finals,5/24/15,1772
other,Uprise Champions Cup Season 2 LAN Finals,5/23/15,1771
other,CS Select #14,5/23/15,1770
online,D!ngIT $2000 Weekly Cup #1,5/23/15,1769
online,Counter Pit League,9/29/15,1768
online,RGN Pro Series NA,8/27/15,1767
online,RGN Pro Series NA Closed Qualifier,6/11/15,1766
other,Virtus.pro Staff Cup #2,5/31/15,1765
intl-lan,Gaming Paradise 2015,9/9/15,1764
intl-lan,DreamHack Open London 2015,9/20/15,1763
online,SLTV StarSeries XIII,6/14/15,1762
online,RGN Pro Series EU,8/27/15,1761
other,G2A.com ShowMatch #1 ,5/16/15,1760
online,CS Select #12,5/16/15,1758
intl-lan,Acer Predator Masters powered by Intel Season 1 Finals,8/3/15,1757
online,Fragbite Masters Season 4 Last Chance Qualifier,5/12/15,1756
online,99Damage Arena #7,5/13/15,1755
other,xfunction Challenger,5/10/15,1754
intl-lan,ESL ESEA Pro League Season 1 Finals,7/5/15,1753
other,DreamHack Open Tours 2015 BYOC Qualifier,5/9/15,1752
online,CS Select #11,5/9/15,1750
other,ESL South East Europe Championship Season 1 Finals,5/10/15,1749
online,Counter Pit League Qualifier,5/19/15,1748
online,Balkan Championship Season 2,7/15/15,1746
online,CEVO Main Season 7,7/7/15,1745
online,Acer Predator Masters powered by Intel Season 1,7/21/15,1744
online,ESL ESEA Pro League Season 1,6/24/15,1742
other,ESL Fr�_hlingsmeisterschaft 2015 Finals,5/2/15,1741
other,CS Select #10,5/1/15,1740
other,CS Select #9,4/30/15,1739
online,King of Nordic Season 1,9/4/15,1738
online,99Damage Arena #6,4/29/15,1737
other,CEVO Professional Season 7 Last-Chance EU,4/27/15,1736
online,RGN Spring Classic,5/19/15,1735
online,Acer Predator Masters powered by Intel Qualifier,4/25/15,1734
online,CEVO Professional Season 7,6/26/15,1733
other,CS Select #8,4/24/15,1731
online,Fragbite Masters Season 4 Qualifier #2,4/22/15,1730
online,RGN Pro Series EU Closed Qualifier,5/19/15,1729
online,ESL UK Premiership Season 1,4/29/15,1727
online,DreamHack Open Tours 2015 Closed Qualifier,4/22/15,1726
online,D!ngIT CS:GO $1000 Invitational,4/19/15,1725
local-lan,r1seCup ,4/19/15,1724
other,CIS LAN Championship,4/20/15,1722
other,ESEA Invite Season 18 All-Star,4/17/15,1721
online,ESL South East Europe Championship Season 1,4/29/15,1720
other,CS Select #7,4/17/15,1719
online,Fragbite Masters Season 4 Qualifier #1,4/15/15,1718
online,99Damage Arena #5,4/16/15,1717
other,SLTV ProSeries XII,4/14/15,1716
intl-lan,CEVO Professional Season 7 Finals,7/27/15,1715
online,Balkan Superleague,6/4/15,1714
online,Aftonbladet Fight Night,4/13/15,1713
local-lan,CyberGamer Premier League 3 Finals,4/12/15,1712
other,Copenhagen Games 2015 female,4/4/15,1710
intl-lan,ESWC 2015,7/13/15,1707
other,xfunction Masters Season II,3/30/15,1706
other,Alienware Area 51 Cup #1,3/29/15,1705
other,EsportFest 2015,3/28/15,1704
local-lan,Dustin March Madness 2015,3/28/15,1703
intl-lan,ESL Pro League Winter 2014/15 Finals,4/12/15,1702
other,Fragadelphia 4,3/23/15,1701
other,nAvTV Sunday Series March Cup 2015,3/22/15,1700
other,CEVO Professional Season 7 Placement NA,4/7/15,1699
other,CEVO Professional Season 7 Placement EU,4/15/15,1698
other,RGN Intercontinental II: NA,4/16/15,1697
other,RGN Intercontinental II: Europe,4/17/15,1696
other,Intel Challenge Katowice 2015,3/15/15,1695
intl-lan,World Championships 2015,10/11/15,1694
intl-lan,DreamHack Open Cluj-Napoca 2015 Qualifier at DreamHack Open Stockholm,9/27/15,1693
other,LAN ETS 2015,3/8/15,1692
intl-lan,Gamers Assembly 2015,4/6/15,1691
online,xfunction Masters 2016,8/31/16,1690
 other,xfunction Iberian Cup by hitbox,3/19/15,1689
online,GameAgents League Season 1,4/30/15,1688
online,CCS Kick-off Season Last Chance,4/8/15,1687
online,CCS Kick-off Season,3/26/15,1686
other,Game Ninja 2015,3/7/15,1685
other,CS Select #3,3/7/15,1684
other,Friday Night Frags by Strafe App,3/6/15,1683
other,TaKeTV Showmatch,3/5/15,1682
online,Global Offensive Champions League Season 1,8/11/15,1681
online,CCS Kick-off Season Closed Qualifier #2,3/8/15,1680
other,CCS Kick-off Season Closed Qualifier #1,3/7/15,1679
other,CCS Kick-off Season Romanian Qualifier,2/28/15,1678
other,LanTrek 2015,3/1/15,1677
online,GamePlan Pro League,5/28/15,1676
other,Friday Night Frags by 27in1.com,2/27/15,1675
online,Fragbite Masters Season 4,5/31/15,1674
intl-lan,Fragbite Masters Season 4 Finals,6/7/15,1673
online,Game Show CS:GO League Season 2,8/13/15,1671
regional-lan,CEVO Professional Season 6 LAN Finals,4/16/15,1670
online,Uprise Champions Cup Season 2,5/14/15,1668
intl-lan,Insomnia 54,4/5/15,1667
major,ESL One Cologne 2015,8/23/15,1666
online,Battle for the Throne,2/22/15,1665
other,Insomnia 54 Qualifier,3/11/15,1663
online,FACEIT League 2015 Stage 1,4/23/15,1662
online,CS Select #2,2/17/15,1661
other,Nordic Masters 2015,2/15/15,1660
online,iBUYPOWER Invitational,3/2/15,1658
online,King of Majors,2/18/15,1657
other,RGN Intercontinental Open: Europe,3/5/15,1655
other,BREKAN Cuadrangular 2015,2/9/15,1654
other,Game Show League Season 2 EU Qualifier,2/8/15,1653
other,ESL One Katowice 2015 Last Chance Qualifier,2/8/15,1652
intl-lan,ESEA Invite Season 18 Global Finals,4/20/15,1651
other,ESL One Katowice 2015 NA Qualifier,2/5/15,1650
other,ESL One Katowice 2015 Polish Qualifier,2/3/15,1649
online,ESL One Katowice 2015 European Qualifier #2,2/5/15,1647
other,Balkan Championship Season 1,3/11/15,1646
intl-lan,ESL One Katowice 2015 Main Qualifier,2/15/15,1644
online,FPL Challenge by Bj�_rn Borg,2/11/15,1643
other,ESL One Katowice 2015 CIS Qualifier,1/30/15,1642
other,CS:GO AOC UK Challenge Winter Finals 2014/15,1/28/15,1641
other,ESL One Katowice 2015 European Qualifier #1,1/28/15,1640
other,FACEIT League 2015 NA Closed Qualifier,1/28/15,1639
other,GeForce GTX AllStar Tournament,1/24/15,1638
online,Rising Stars Asia #1,4/19/15,1637
other,NVIDIA Showmatch,1/22/15,1636
other,RGN Pro Series II NA Closed Qualifier,7/20/16,1635
other,FACEIT League 2015 European Closed Qualifier,1/21/15,1634
other,FACEIT League 2015 European Qualifier #2,1/18/15,1633
online,FACEIT League 2015 European Qualifier #1,1/18/15,1632
other,Millenium Showmatch #5,1/16/15,1631
online,99Damage Masters,2/12/15,1630
online,SLTV StarSeries XII,3/9/15,1629
online,ASUS ROG Winter 2015 Qualifier,1/11/15,1628
other,RGN New Years Open,1/19/15,1627
online,99Damage Arena #4,1/13/15,1625
online,ESEA Invite Season 18 Europe,3/8/15,1624
online,ESEA Invite Season 18 NA,3/6/15,1623
intl-lan,Inferno Online Pantamera Challenge,2/8/15,1622
intl-lan,Gfinity 2015 Champion of Champions,9/27/15,1621
intl-lan,Gfinity 2015 Summer Masters 1,6/28/15,1620
intl-lan,Gfinity 2015 Spring Masters 2,5/17/15,1619
intl-lan,Gfinity 2015 Spring Masters 1,3/22/15,1618
major,DreamHack Open Cluj-Napoca 2015,11/1/15,1617
intl-lan,FACEIT League 2015 Stage 2 Finals at DreamHack Valencia,7/18/15,1616
intl-lan,FACEIT League 2015 Stage 3 Finals at DH Winter 2015,11/29/15,1615
intl-lan,DreamHack Open Summer 2015,6/15/15,1614
intl-lan,DreamHack Open Tours 2015,5/11/15,1613
intl-lan,CCS Kick-off Season Finals,4/26/15,1612
major,ESL One Katowice 2015,3/15/15,1611
intl-lan,Copenhagen Games 2015,4/5/15,1610
online,Rising Stars Balkan #1,1/30/15,1609
intl-lan,Fragbite Masters Season 5 Finals,12/6/15,1608
intl-lan,SLTV StarSeries XIII Finals,6/21/15,1607
intl-lan,FACEIT League 2015 Stage 1 Finals,5/4/15,1606
intl-lan,SLTV StarSeries XII Finals,3/29/15,1605
regional-lan,MCS Open Season 1 Finals,1/10/15,1604
other,ESEA BenQ S18 EU Pre-Season Tournament,1/4/15,1603
intl-lan,ClutchCon 2015,2/2/15,1602
intl-lan,ASUS ROG Winter 2015,1/31/15,1601
intl-lan,MLG X-Games Aspen 2015,1/25/15,1600
online,New Year Invitational,1/4/15,1599
other,CS:GO AOC UK Challenge Winter #6 2014/15,12/23/14,1597
online,99Damage Arena #3,12/24/14,1596
other,MLG X Games Championship Qualifier #2 NA,12/22/14,1595
other,MLG X Games Championship Qualifier #2 Europe,12/21/14,1594
other,CIS Rising League Season 2,3/18/15,1592
other,xfunction Masters by hitbox,12/21/14,1591
other,Acer A-Split Invitational powered by Intel,12/22/14,1590
other,MLG X Games Championship Qualifier #1 Europe,12/20/14,1589
online,ESL Pro Series France XIII,12/17/14,1588
online,SLTV StarSeries XII Qualifier,12/19/14,1587
other,CS:GO AOC UK Challenge Winter #5 2014/15,12/16/14,1586
other,MLG X Games Championship Qualifier #1 North America,12/19/14,1585
other,European Legends Showmatch 2014,12/15/14,1584
other,The Logitech Invitational,12/14/14,1580
other,European Championship 2014 LAN Finals,12/15/14,1579
other,ESL Pro Series Germany Winter 2014 LAN Finals,12/13/14,1578
other,CEVO Professional Season 6,3/20/15,1577
online,G2A.com December Cup Powered by FACEIT Europe,1/11/15,1576
online,ESL Pro League Winter 2014/15,2/5/15,1575
other,CS:GO AOC UK Challenge Winter #4 2014/15,12/9/14,1574
online,99Damage Arena #2,12/9/14,1573
other,LVP Gamergy CS:GO LAN Finals,12/7/14,1572
other,RGN Winter Classic,12/11/14,1570
other,ESEA Invite Season 17 All-Star,12/6/14,1569
online,South East Europe Championship,12/17/14,1568
other,GDK CS:GO Tournament,12/7/14,1567
other,GameAgentsTV Showmatch #1,12/2/14,1566
other,Millenium Showmatch #4,12/3/14,1565
online,G2A.com December Cup Powered by FACEIT NA,12/21/14,1564
other,ESEA Invite Season 17 Global Finals,12/8/14,1563
other,Hitbox CS:GO Championship by E-Frag.net,11/27/14,1562
online,99Damage Arena #1,11/26/14,1561
online,Go4CS:GO Europe Pro League Winter 2014 Group Final,11/24/14,1560
online,Go4CS:GO Cup #122,11/24/14,1559
other,SLTV ProSeries XI,11/25/14,1558
other,Insomnia 53,11/23/14,1557
other,DreamHack Winter 2014 Last Call Qualifier,11/22/14,1555
online,ESL Pro League Winter 2014/15 European Qualifier,11/21/14,1554
major,DreamHack Winter 2014,11/30/14,1553
other,CEVO Professional Season 6 Placement,11/19/14,1552
other,LVP Gamergy Qualifier #3,11/19/14,1551
online,BenQ All-Star Showmatch #2,11/17/14,1548
other,Millenium Showmatch #3,11/18/14,1547
online,Go4CS:GO Cup #121,11/17/14,1546
online,GamersImpact Charity Drive,11/15/14,1545
online,Virtus.pro Staff Cup #1,11/23/14,1544
online,ESL Pro League Winter 2014/15 German Qualifier,11/16/14,1543
other,ESL Pro League Winter 2014/15 Iberian Qualifier,11/16/14,1542
other,ESL Pro League Winter 2014/15 Polish Qualifier,11/12/14,1541
other,ESL Pro League Winter 2014/15 UK Qualifier,11/13/14,1540
online,Caseking King of Kings,11/16/14,1539
other,ESEA Main Season 17 Europe,11/11/14,1537
regional-lan,ESL Pro Series Germany Winter 2014,11/11/14,1536
online,Go4CS:GO Cup #120,11/10/14,1535
online,CS:GO Legends Series NA #1,11/10/14,1533
regional-lan,Azubu Australian Masters,11/9/14,1532
other,LVP Gamergy Qualifier #2,11/6/14,1531
other,ESEA Premier Season 17 North America,11/4/14,1530
other,ESWC 2014 Female,11/1/14,1529
other,ESWC 2014 France,10/29/14,1527
other,ESWC 2014,11/2/14,1526
other,John Wick CS:GO Invitational,10/25/14,1525
other,LVP Gamergy Qualifier #1,10/23/14,1524
online,DreamHack Winter 2014 EU Closed Qualifier,10/23/14,1523
online,DreamHack Winter 2014 NA Closed Qualifier,10/21/14,1522
other,FACEIT League Season 2 Finals,10/26/14,1521
online,DreamHack Winter 2014 EU pre-qualifier #2,10/19/14,1520
online,DreamHack Winter 2014 EU pre-qualifier #1,10/19/14,1519
local-lan,CyberGamer Pro League Season 2 Winter Finals,10/19/14,1518
online,BenQ All-Star Showmatch #1,10/20/14,1517
other,SLTV StarSeries XI Finals,10/20/14,1516
other,ESWC 2014 Denmark,10/12/14,1515
other,Telkom Gaming CS:GO Championships 2014,10/12/14,1514
other,ESWC 2014 Russia & Ukraine Qualifier,10/12/14,1513
other,CEVO Professional Season 5 LAN Finals,10/12/14,1512
online,Millenium Showmatch #2,10/7/14,1509
other,ESWC 2014 Portugal Qualifier,10/6/14,1508
other,ESWC 2014 Norway,10/5/14,1507
other,GIGACON 2014,10/4/14,1505
other,M��R 2014,10/4/14,1504
online,ESWC 2014 European Qualifier,10/5/14,1503
other,Game Show CS:GO League LAN Finals,10/5/14,1502
other,ESWC 2014 China LAN Qualifier,10/4/14,1501
other,Fragbite Masters Season 3,11/9/14,1500
other,Areena #6 by ROCCAT,10/5/14,1498
other,Areena #5 by ROCCAT,10/5/14,1497
other,X5 Mega Arena CS:GO,9/29/14,1496
online,ESWC 2014 France Vakarm.net pre-qual #2,9/28/14,1495
online,CS:GO Legends Series #3,10/13/14,1493
online,Fragbite Masters Season 3 Qualifier #2,9/28/14,1492
online,Caseking of the Hill #9,9/25/14,1491
other,DreamHack Stockholm CS:GO Invitational 2014,9/26/14,1490
online,Fragbite Masters Season 3 Qualifier #1,9/23/14,1489
online,ESL Pro Series Poland Season 9,11/16/14,1488
online,CS:GO Legends Series #4,10/20/14,1487
online,Caseking of the Hill #8,9/16/14,1485
online,Millenium Showmatch,9/16/14,1484
other,ESL UK SteelSeries Community Challenge S2 Finals,9/17/14,1483
online,Game Show CS:GO League,9/24/14,1482
online,DreamHack Stockholm 2014 FACEIT qualifier,9/15/14,1481
online,SLTV StarSeries XI,9/30/14,1480
online,ESWC 2014 France Vakarm.net pre-qual #1,9/14/14,1478
online,Hitbox Arena Championship 3,11/4/14,1477
online,CS:GO Legends Series #2,9/8/14,1475
other,ESL Pro Series Germany Summer 2014 LAN Finals,9/6/14,1474
other,ESL UK Community Challenge S2 Cup #6,9/3/14,1473
online,Caseking of the Hill #7,9/9/14,1472
online,FACEIT League NA Season 2,10/9/14,1471
online,FACEIT League EU Season 2,10/9/14,1470
online,European Championship 2014,11/11/14,1469
other,nAvTV Sunday Series August Cup 2014,9/1/14,1468
online,CS:GO Legends Series #1,9/1/14,1466
online,Caseking of the Hill #6,8/28/14,1465
other,SLTV StarSeries X Finals,8/31/14,1464
online,FACEIT League 2 NA Closed Qualifier,8/27/14,1462
online,FACEIT League 2 EU Closed Qualifier,8/27/14,1461
online,FACEIT League 2 EU pre-qualifier #4,8/24/14,1459
other,Insomnia 52,8/24/14,1458
online,FACEIT League 2 EU pre-qualifier #3,8/23/14,1457
online,SLTV ProSeries X,8/24/14,1456
online,Caseking of the Hill #5,8/22/14,1454
online,European Championship 2014 Qualification Round 2,8/29/14,1453
online,Hitbox Arena Championship 2,8/28/14,1452
other,ESL UK Community Challenge S2 Cup #5,8/19/14,1451
other,ESL UK Community Challenge S2 Cup #4,8/13/14,1450
online,European Championship 2014 Qualification Round 1,8/19/14,1449
online,FACEIT League 2 EU pre-qualifier #2,8/10/14,1448
online,Caseking of the Hill #4,8/6/14,1446
other,ESL UK Community Challenge S2 Cup #3,8/5/14,1445
major,ESL One Cologne 2014,8/17/14,1444
online,ESL Pro Series Germany Summer 2014,8/5/14,1443
online,EIZO Challenge 2014,7/31/14,1441
online,Caseking of the Hill #3,7/31/14,1440
other,ESL UK Community Challenge S2 Cup #2,7/30/14,1439
other,ASUS ROG Summer 2014,8/2/14,1438
other,Gfinity 3,8/3/14,1437
other,FACEIT North American Championship,7/28/14,1436
other,ESL One Cologne 2014 Indian qualifier,7/27/14,1435
other,Team Dignitas SCAN CS:GO UK Invitational,7/28/14,1433
online,ESL One Cologne 2014 European Finals,7/28/14,1432
other,ESL UK Community Challenge S2 Cup #1,7/22/14,1431
other,ESL One Cologne 2014 Open pre-qualifier,7/24/14,1430
online,Caseking of the Hill #2,7/23/14,1429
other,ESEA Invite Season 17 Europe,10/6/14,1428
other,epic.THIRTEEN,7/20/14,1426
other,DreamHack Valencia 2014 qualifier,7/18/14,1425
other,DreamHack Valencia 2014,7/20/14,1424
other,ESL One Cologne 2014 North American qualifier,7/17/14,1423
online,Caseking of the Hill #1,7/17/14,1422
other,CEVO Professional Season 5,9/17/14,1420
other,ESL One Cologne 2014 South-East pre-qualifier,7/15/14,1419
online,Hitbox Arena Showdown,7/16/14,1418
other,5eplay Steelseries League Season 3,7/13/14,1417
other,ESL One Cologne 2014 Oceanic qualifier,7/20/14,1415
other,Assembly Summer 2014 qualifier #1,7/8/14,1414
other,ESL Pro Series Germany Summer 2014 Cup #4,7/7/14,1413
other,GameGune 2014,7/6/14,1412
other,ESL Pro Series Poland Season 8 Finals,7/6/14,1411
other,Telkom Do Gaming League Winter 2014,7/6/14,1410
other,ESL One Cologne 2014 South-West pre-qualifier,7/3/14,1409
other,IronGaming,7/6/14,1408
other,CEVO Professional Season 5 Placement,7/10/14,1406
other,ESL One Cologne 2014 North pre-qualifier,7/1/14,1405
other,ESEA Invite Season 17 North America,9/24/14,1404
other,ESL UK SteelSeries Community Challenge S1 Finals,7/2/14,1403
other,Killing Spree,7/8/14,1402
other,Areena #4 by SteelSeries,6/28/14,1401
other,G3 Qualifier #2,6/28/14,1400
other,Plantronics CS:GO UK Open,6/26/14,1399
other,F3 Academy League,6/28/14,1398
other,ESEA Invite Season 16 All-Star,6/28/14,1397
online,SLTV StarSeries X,8/12/14,1396
other,ESL Pro Series Germany Summer 2014 Cup #2,6/23/14,1394
other,G3 Qualifier #1,6/23/14,1393
online,Team Dignitas CS:GO SCAN Invitational,6/23/14,1392
other,ESEA Invite Season 16 Global Finals,6/29/14,1390
online,CIS Rising League Season 1,12/4/14,1389
other,DreamHack Summer 2014 BYOC,6/15/14,1388
other,ESPORTSM 2013/2014 Finals,6/16/14,1387
other,ESL UK Community Challenge S1 Cup #6,6/10/14,1385
other,ESEA Intermediate Season 16 Europe,6/10/14,1384
other,ASUS ROG Portugal Qualifier #3,6/8/14,1383
other,Gaming.dk League by SteelSeries Season 9 Finals,6/7/14,1382
other,ESL UK Community Challenge S1 Cup #5,6/4/14,1381
online,ESL Pro Series Poland Season 8,7/3/14,1379
other,ESPORTSM 2013/2014 - Qualifier #8 Gothenburg,5/31/14,1378
other,BirdieLAN 24,5/30/14,1377
online,DreamHack Summer 2014 Closed Qualifier,5/30/14,1376
other,Vox Play Battlegrounds,6/8/14,1375
other,ESL UK Community Challenge S1 Cup #4,5/27/14,1374
other,DreamHack Summer 2014,6/17/14,1373
other,ESL Pro Series Poland Season 8 Qualifier #1,5/26/14,1372
other,DreamHack Summer 2014 pre-qualifier #2,5/26/14,1371
other,DreamHack Summer 2014 pre-qualifier #3,5/25/14,1370
other,Gaming Challenge 2014,5/26/14,1369
online,GO4Balkan Charity Tournament,5/24/14,1368
other,DreamHack Summer 2014 pre-qualifier #1,5/22/14,1367
other,ESL UK Community Challenge S1 Cup #3,5/21/14,1366
online,Mikz Challenge,5/19/14,1365
other,ESL UK Community Challenge S1 Cup #2,5/14/14,1364
online,Hitbox Arena Championship,6/4/14,1362
other,ESL UK Community Challenge S1 Cup #1,5/7/14,1361
other,SoCal Revival #2,5/5/14,1360
other,ESPORTSM 2013/2014 - Qualifier #6 Stockholm,5/3/14,1359
other,SLTV StarSeries IX Finals,5/4/14,1358
online,FACEIT Spring League 2014,6/1/14,1357
other,FACEIT Spring League Closed Qualifier,4/29/14,1356
online,SLTV ProSeries IX,5/5/14,1355
other,FACEIT Spring League Open Qualifier,4/28/14,1354
online,eSportsventure Cup,4/29/14,1353
other,Newmen 5Eplay ESports Masters,4/30/14,1352
online,E-sport-bets.com 3rd Anniversary Cup,4/27/14,1351
online,1Life Fraglider Invitational,4/27/14,1349
other,Insomnia 51,4/20/14,1348
other,Copenhagen Games 2014 female,4/19/14,1347
other,ESEA Invite Season 16 North America,5/13/14,1346
other,Copenhagen Games 2014,4/19/14,1345
other,Vox Play #1,4/13/14,1344
other,Voronezh Cup 2014,4/13/14,1343
other,Gaming.dk League by SteelSeries Season 8 Finals,4/12/14,1342
online,ESL Pro Series Germany Spring 2014,5/10/14,1341
other,Voronezh Cup Qualifier #4,4/6/14,1340
other,Voronezh Cup Qualifier #3,3/30/14,1338
online,FACEIT March Championship 2014,3/27/14,1337
other,Gamermag Open #1,3/23/14,1336
other,East Asian Championship 2014,3/23/14,1335
other,ESEA Invite Season 16 Europe,5/10/14,1334
major,EMS One Katowice 2014,3/16/14,1333
online,Fragbite Masters 2014,3/30/14,1332
other,Fragbite Masters 2014 Qualifier #4,3/8/14,1331
other,Fragbite Masters 2014 Qualifier #3,3/7/14,1330
other,Gaming.dk League by SteelSeries Season 8,4/1/14,1329
online,GSL Egamingbets Cup,3/9/14,1328
online,Gfinity Alienware Pro League Season 1,4/22/14,1327
other,Fragbite Masters 2014 Qualifier #2,3/5/14,1325
other,CEVO Professional Season 4,6/4/14,1324
other,Fragbite Masters 2014 Qualifier #1,3/1/14,1323
online,CS Forever: London,3/1/14,1322
online,EMS One Katowice European Finals,2/28/14,1321
other,ESL Pro Series Germany Spring 2014 Cup #2,2/25/14,1320
other,DreamHack Stockholm SteelSeries CS:GO Invitational 2014,2/22/14,1318
online,SLTV StarSeries IX,4/15/14,1317
other,EMS One Katowice European Qualifier #1,2/20/14,1316
other,ESL Pro Series Germany Spring 2014 Cup #1,2/17/14,1315
other,epic.TWELVE,2/17/14,1314
other,SteelSeries CS:GO Calling,2/16/14,1313
other,EMS One Katowice CIS Regional Finals,2/16/14,1312
other,EMS One Katowice German National Finals,2/16/14,1311
online,Fnatic FragOut League Season 3,4/2/14,1310
other,EMS One Katowice Polish National Finals,2/12/14,1309
other,EMS One Katowice UK National Finals,2/12/14,1308
other,EMS One Katowice Polish Qualifier Cup #4,2/9/14,1306
other,EMS One Katowice CIS Qualifier Cup #4,2/9/14,1305
other,EMS One Katowice French National Finals,2/9/14,1304
other,EMS One Katowice Nordic Regional Finals,2/9/14,1303
online,EMS One Katowice CIS Qualifier Cup #3,2/6/14,1302
online,EMS One Katowice German Qualifier Cup #2,2/2/14,1301
online,EMS One Katowice Polish Qualifier Cup #3,2/1/14,1300
other,EMS One Katowice UK Qualifier Cup #2,2/2/14,1299
other,CEVO Main Season 3,1/31/14,1298
online,EMS One Katowice French Qualifier Cup #2,1/26/14,1297
online,EMS One Katowice Nordic Qualifier Cup #2,1/26/14,1296
other,FACEIT January Championship 2014,1/24/14,1294
other,EMS One Katowice Polish Qualifier Cup #2,1/23/14,1293
other,EMS One Katowice CIS Qualifier Cup #2,1/23/14,1292
other,Assembly Winter 2014,2/1/14,1291
other,CyberGamer Pro League Season 3,3/23/14,1290
other,Imbarena Game Ring Cup Final,1/20/14,1289
other,EMS One Katowice German Qualifier Cup #1,1/19/14,1288
other,ESEA Invite Season 15 Global Finals,1/20/14,1287
other,EMS One Katowice Polish Qualifier Cup #1,1/12/14,1286
other,EMS One Katowice CIS Qualifier Cup #1,1/12/14,1285
other,LanTrek 2014,1/11/14,1284
other,EMS One Katowice Nordic Qualifier Cup #1,1/12/14,1283
other,EuroGamersOnline Ozone Challenge,12/24/13,1281
online,FACEIT December Championship 2013,12/20/13,1280
other,SLTV StarSeries VIII Finals,12/22/13,1279
other,Svecup Grand Finals 2013,12/14/13,1277
other,Gaming.dk SteelSeries Championship Invite Finals 2013,12/14/13,1276
online,SLTV ProSeries VIII,12/15/13,1275
online,ESL Pro Series France XI Finals,12/15/13,1274
other,Insomnia 50,12/2/13,1273
other,DreamHack Winter 2013 BYOC,11/29/13,1272
other,ESL Pro Series Germany Winter Season 2013,12/14/13,1271
major,DreamHack Winter 2013,12/1/13,1270
other,MSI Beat it! 2013 Grand Finals,11/24/13,1269
other,MSI Beat it! 2013 SEA Qualifier,11/22/13,1268
other,DreamHack Winter 2013 FACEIT Online Qual.,11/21/13,1267
online,Fragbite Masters 2013,12/14/13,1266
other,TECHLABS Cup 2013 Grand Final,11/17/13,1265
other,Fragbite Masters Qualifier #4,11/15/13,1264
other,ESL Pro Series France XI Cup #7,11/14/13,1263
other,Fragbite Masters Qualifier #3,11/14/13,1262
online,FACEIT Cup October 2013,11/14/13,1261
other,Telkom Do Gaming Insta-Clash Cup November 2013,11/17/13,1260
other,coL 10th Anniversary,11/12/13,1259
other,Belgrade Gaming Festival 2013,11/10/13,1258
online,SLTV StarSeries VIII,12/10/13,1257
other,Fragbite Masters Qualifier #2,11/8/13,1256
other,ESEA Intermediate Season 15 Europe,1/31/14,1255
other,Fragbite Masters Qualifier #1,11/6/13,1254
online,ESL Pro Series Germany Winter 2013 Cup #5,11/4/13,1253
other,ESWC 2013 Female,11/2/13,1252
online,TECHLABS Cup Minsk Rematch,10/30/13,1251
other,ESWC 2013 France,10/30/13,1250
other,ESWC 2013,11/3/13,1249
online,ESL Pro Series Germany Winter 2013 Cup #4,10/28/13,1248
online,ESL Pro Series France XI Cup #5,10/25/13,1247
online,ESL Pro Series Germany Winter 2013 Cup #3,10/21/13,1246
other,RaidCall EMS One Fall 2013 Finals,10/27/13,1245
other,Go4CS:GO Cup #66,10/20/13,1244
online,ESL Pro Series France XI Cup #4,10/18/13,1243
other,ESEA Invite Season 15 North America,12/16/13,1242
online,FACEIT Cup September 2013,10/16/13,1240
online,ESL Pro Series Germany Winter 2013 Cup #2,10/14/13,1239
other,ESEA Invite Season 15 Europe,12/15/13,1238
other,ESWC 2013 Sweden,10/12/13,1237
other,Gaming.dk League by SteelSeries Season 7 Finals,10/12/13,1236
other,ESL Pro Series France XI Cup #3,10/10/13,1232
other,SLTV StarSeries VII Finals,10/13/13,1231
online,ESL Pro Series Germany Winter 2013 Cup #1,10/7/13,1230
other,ESWC 2013 Ukraine,10/6/13,1226
other,Epsilan 11,10/5/13,1225
other,Do Gaming League Championship 2013,10/5/13,1224
other,MSI Beat it! 2013 Chinese Finals,10/6/13,1223
other,FMR Lan Cup @ Igromir,10/6/13,1222
online,SLTV ProSeries VII,10/5/13,1221
online,RaidCall EMS One Fall 2013 Group Stage,10/9/13,1219
other,European Championship 2013,12/18/13,1218
online,RaidCall EMS One Fall 2013 Decider,9/30/13,1217
other,Go4CS:GO Cup #63,9/29/13,1215
online,ESWC 2013 Denmark,9/29/13,1213
other,ESWC 2013 Germany,9/29/13,1212
other,TECHLABS Cup BY 2013,9/28/13,1211
online,RaidCall EMS One Fall 2013 Cup #4,9/25/13,1209
other,TECHLABS Cup Minsk 2013 CIS Qualifier,9/22/13,1206
other,ESWC 2013 European Qualifier,9/22/13,1204
online,European Championship 2013 Qualification Round 2,9/26/13,1203
other,TECHLABS Baltics Cup 2013,9/20/13,1202
other,TECHLABS Cup Minsk 2013 EU Qualifier,9/20/13,1201
online,RaidCall EMS One Fall 2013 Cup #3,9/19/13,1200
other,ESWC 2013 France Pre-Qual. #2,9/19/13,1199
other,ESWC 2013 France Pre-Qual. #1,9/12/13,1198
online,RaidCall EMS One Fall 2013 Cup #2,9/12/13,1197
online,MSI Beat it! 2013 US Finals,9/27/13,1196
online,FACEIT Cup August 2013,9/10/13,1195
other,Go4CS:GO Cup #60,9/8/13,1193
other,DreamHack Bucharest 2013,9/15/13,1192
other,Gaming.dk League by SteelSeries Season 7,9/3/13,1190
online,RaidCall EMS One Fall 2013 Cup #1,9/5/13,1189
online,European Championship 2013 Qualification Round 1,9/13/13,1188
other,Go4CS:GO Cup #59,9/2/13,1187
other,MFJV 2013,9/1/13,1185
other,TECHLABS Cup Kiev 2013,8/31/13,1184
other,Go4CS:GO Monthly Finals July 2013,8/29/13,1183
other,Go4CS:GO Cup #58,8/25/13,1182
online,MSI Beat it! 2013 European Finals,10/4/13,1181
online,MSI Beat it! 2013 EU Shootout,8/24/13,1180
online,MSI Beat it! 2013 EU Open Qualifier #4,8/24/13,1179
online,MSI Beat it! 2013 EU Open Qualifier #3,8/23/13,1178
online,MSI Beat it! 2013 EU Open Qualifier #2,8/22/13,1177
other,MSI Beat it! 2013 EU Open Qualifier #1,8/21/13,1176
online,SLTV StarSeries VII,10/4/13,1175
other,ESEA Invite Season 14 Global Finals,8/18/13,1174
online,SLTV StarSeries VII Qualifier,8/11/13,1173
other,Areena #3 by SteelSeries,8/10/13,1172
online,FACEIT Cup July 2013,8/9/13,1171
other,Mad Catz Qualifier,7/31/13,1168
other,Mad Catz Invitational,8/20/13,1166
other,DreamHack Valencia 2013,7/21/13,1165
other,Prague Challenge,7/15/13,1164
other,SLTV StarSeries VI Finals,7/7/13,1163
other,FACEIT Cup June 2013,7/3/13,1162
other,SLTV ProSeries VI,7/3/13,1160
other,ESL Pro Series Spain XI,1/12/14,1158
other,FMR LAN Cup #8,6/23/13,1157
other,ESL Pro Series Germany Summer Season 2013,9/7/13,1156
other,RaidCall EMS One Summer 2013 Finals,6/30/13,1155
other,DreamHack Summer 2013 2on2,6/17/13,1154
other,Swedish Championship 2013,6/17/13,1153
other,DreamHack Summer 2013 BYOC,6/16/13,1152
other,DreamHack Summer 2013,6/17/13,1151
other,TLP 2013 Qualifier,6/9/13,1149
online,RaidCall EMS One Summer 2013 Group Stage,6/13/13,1148
online,RaidCall EMS One Summer 2013 Cup #4,6/5/13,1147
other,DreamHack Summer 2013 IOS Qual.,6/1/13,1145
other,FACEIT Cup May 2013,5/31/13,1144
other,ESEA Intermediate Season 14 Europe,5/28/13,1143
online,RaidCall EMS One Summer 2013 Cup #3,5/29/13,1142
other,ESEA Invite Season 14 Europe,7/18/13,1141
other,DreamHack Summer 2013 Danish Qual.,5/26/13,1139
other,Svecup V�_sterՂs,5/26/13,1138
other,MFJV Online Series #2,5/28/13,1137
online,RaidCall EMS One Summer 2013 Cup #2,5/22/13,1135
other,DreamHack Summer 2013 Finnish Qual.,5/22/13,1134
other,Go4CS:GO Cup #44,5/19/13,1133
online,Fnatic FragOut League Season 2,6/13/13,1130
other,TECHLABS Cup Minsk 2013,5/18/13,1129
online,RaidCall EMS One Summer 2013 Cup #1,5/15/13,1128
other,IN League Season 2,6/2/13,1127
other,Go4CS:GO Cup #43,5/12/13,1126
online,SLTV StarSeries VI,6/25/13,1125
other,Svecup V�_sterՂs Qualifier #2,5/11/13,1124
other,The Blast 2013,5/12/13,1123
other,Gaming.dk League by SteelSeries Season 6 Finals,5/10/13,1122
other,TECHLABS Minsk Qualifier,5/9/13,1120
other,Svecup V�_sterՂs Qualifier #1,5/4/13,1118
online,SLTV StarSeries VI Qualifier,5/2/13,1116
other,SLTV ProSeries VI Qualifier,4/28/13,1115
other,MEO XLPARTY Exponor,4/28/13,1114
other,ECL 2013 Season 1,4/24/13,1112
online,RADEON Offensive #2,4/21/13,1111
online,SLTV StarSeries V Relegation,4/18/13,1110
other,Swebus CS:GO Challenge by Inferno Online,4/18/13,1109
other,Gaming.dk League by SteelSeries Season 6,5/2/13,1108
other,ESEA Invite Season 13 All-Star,4/20/13,1107
other,ESEA Invite Season 13 Global Finals,4/21/13,1105
other,ESL A-Series Summer 2013,5/19/13,1104
online,MAXfps.no Open,4/14/13,1103
other,RaidCall EMS One Spring 2013 Finals,4/14/13,1102
online,Komplett.dk League Season 1,5/29/13,1101
other,NLAN 2013,4/4/13,1100
other,Mad Catz Birmingham,4/7/13,1099
other,SLTV StarSeries V Finals,4/7/13,1098
other,Svecup Norrk�_ping,4/3/13,1097
other,Copenhagen Games 2013 Qualifier,3/29/13,1096
other,Copenhagen Games 2013 female,3/30/13,1095
other,Copenhagen Games 2013,3/31/13,1094
online,Svecup Norrk�_ping Qualifier #2,3/24/13,1093
online,FACEIT Saturday Spring Cup #2,3/23/13,1092
online,SLTV ProSeries V,3/25/13,1091
other,Insomnia 48,3/24/13,1090
local-lan,CyberGamer Premier League Season 1,3/24/13,1089
other,TECHLABS Cup 2013,3/23/13,1088
online,RaidCall EMS One Spring 2013 Group Stage,4/3/13,1087
online,Publiclir.se - 5on5 CS:GO by Qpad,3/17/13,1086
other,FACEIT Saturday Spring Cup #1,3/16/13,1085
other,Brasil Gaming League,3/14/13,1084
other,ESEA Open Season 13 Playoffs,4/22/13,1083
online,RaidCall EMS One Spring 2013 Cup #4,3/14/13,1082
other,EIZO QPAD eSport FEVER #1,3/10/13,1081
other,Razer CS:GO Challenge,3/10/13,1080
online,Svecup Norrk�_ping Qualifier #1 ,3/9/13,1079
other,ESL Pro Series Spain X,3/24/13,1078
online,The Nordic Games #2,2/28/13,1076
online,RaidCall EMS One Spring 2013 Cup #3,3/1/13,1075
other,Assembly Winter 2013,2/23/13,1072
online,RaidCall EMS One Spring 2013 Cup #2,2/21/13,1070
other,The Nordic Games #2 Danish qualifier,2/20/13,1069
online,ESL Pro Series Germany Spring Season 2013,5/11/13,1068
other,Mad Catz Vienna,2/25/13,1067
online,The Nordic Games #2 Swedish qualifier,2/18/13,1066
other,The Nordic Games #2 Norwegian qualifier,2/17/13,1064
online,IN League Season 1,3/6/13,1063
other,KGB CM Storm 2013,2/17/13,1062
other,ESL Pro Series Poland Season 5 Finals,2/17/13,1061
other,HKLAN 2013,2/17/13,1060
online,The Nordic Games #2 Finnish qualifier,2/14/13,1059
online,RaidCall EMS One Spring 2013 Cup #1,2/14/13,1058
other,Gaming.dk League by SteelSeries Season 5 Finals,2/15/13,1057
online,SLTV StarSeries V,3/24/13,1056
other,ESPC CS:GO #1,2/9/13,1055
other,Epsilan 10,2/3/13,1052
online,The Nordic Games #1,1/27/13,1050
online,Fnatic FragOut CS:GO League,2/10/13,1049
online,The Nordic Games #1 Danish qualifier,1/20/13,1048
other,RyuLAN 2013,1/20/13,1047
other,Your road to Katowice 2013,1/20/13,1046
other,The Nordic Games #1 Finnish qualifier,1/16/13,1045
other,Swedish Championship 2013 UmeՂ pre-qual #2,1/14/13,1044
other,LanTrek 2013,1/12/13,1042
online,Gaming.dk League by SteelSeries Season 5,2/12/13,1041
other,Showmatch CS:GO,5/19/17,1040
online,IEM Poland International Qualifier,12/19/12,1038
other,ESEA Invite Season 13 North America,2/22/13,1037
other,IEM Poland Qualifier #2,12/17/12,1036
other,XLParty 2012,12/16/12,1035
other,NorthCon 2012,12/16/12,1034
other,ESEA Invite Season 13 Europe,2/28/13,1033
other,THOR Open 2012,12/9/12,1031
online,RADEON Offensive by 99Damage,12/13/12,1029
other,THOR Open Qualifier #8,12/2/12,1027
other,SteelSeries Finals,12/1/12,1026
other,AMD Sapphire CS:GO Invitational,12/2/12,1025
online,THOR Open Qualifier #7,12/3/12,1024
other,DreamHack Winter 2012 BYOC,11/23/12,1023
other,Swedish Championship 2012 LAN qual #2,11/22/12,1022
intl-lan,DreamHack Winter 2012,11/24/12,1021
other,TNC CM Storm #1 Finals,11/18/12,1020
online,THOR Open Qualifier #6,11/20/12,1019
online,DreamHack Winter 2012 Swedish Qual.,11/14/12,1014
other,SLTV StarSeries IV,12/23/12,1013
online,DreamHack Winter 2012 International Qual.,11/15/12,1012
online,DreamHack Winter 2012 Danish Qual.,11/11/12,1011
online,ESL Major Series Winter Season 2012,1/24/13,1009
other,ESWC 2012 female,11/4/12,1008
other,ESWC 2012 France,11/1/12,1007
other,Eizo Challenge 2012,10/27/12,1005
intl-lan,ESWC 2012,11/4/12,1003
online,CyberGamer Invite League Season 1,11/19/12,998
other,PGS 2012 CS:GO,10/14/12,993
online,Go4CS:GO Cup #14,10/9/12,992
online,ESL Pro Series Poland Season 5,12/2/12,990
online,ESWC 2012 UK Qualifier,10/12/12,988
online,ESWC 2012 German Qualifier,10/16/12,986
other,ESWC 2012 France Pre-Qual. #3,10/3/12,985
other,EMS Winter 2012 Portuguese Qualifier,10/3/12,984
online,CyberGamer Showmatch,10/2/12,983
online,ESL Pro Series Germany Winter Season 2012,12/8/12,982
online,ESWC 2012 Nordic Qualifier,10/11/12,981
other,CyberGamer Qualifier Cup #2 by IN WIN,9/21/12,974
intl-lan,DreamHack Valencia 2012,9/23/12,973
other,Go4CS:GO Cup #7,9/18/12,971
other,ESWC 2012 France Pre-Qual. #1,9/19/12,970
other,GDK SteelSeries GO #1,9/17/12,968
online,CyberGamer Qualifier Cup #1 by Tt eSPORTS,9/13/12,966
online,Go4CS:GO Cup #6,9/13/12,965
other,SteelSeries GO 2012,8/26/12,958
other,ESWC 2012 North America,9/3/12,943
